2026-03-29T07:43:14.834-07:00  INFO 19104 --- [customerprofile-api] [restartedMain] c.c.CustomerprofileApiApplication        : Starting CustomerprofileApiApplication using Java 21.0.2 with PID 19104 (C:\Users\vinum\Documents\GitProjects\customerprofile-api\build\classes\java\main started by vinum in C:\Users\vinum\Documents\GitProjects\customerprofile-api)
2026-03-29T07:43:14.843-07:00 DEBUG 19104 --- [customerprofile-api] [restartedMain] c.c.CustomerprofileApiApplication        : Running with Spring Boot v4.0.5, Spring v7.0.6
2026-03-29T07:43:14.844-07:00  INFO 19104 --- [customerprofile-api] [restartedMain] c.c.CustomerprofileApiApplication        : The following 1 profile is active: "sit"
2026-03-29T07:43:14.983-07:00  INFO 19104 --- [customerprofile-api] [restartedMain] o.s.c.c.c.ConfigServerConfigDataLoader   : Fetching config from server at : http://localhost:9090
2026-03-29T07:43:14.984-07:00  INFO 19104 --- [customerprofile-api] [restartedMain] o.s.c.c.c.ConfigServerConfigDataLoader   : Located environment: name=customerprofile-api, profiles=[default], label=null, version=296b3f4c5537222350900ade8cef5b5181e74308, state=
2026-03-29T07:43:14.986-07:00  INFO 19104 --- [customerprofile-api] [restartedMain] o.s.c.c.c.ConfigServerConfigDataLoader   : Fetching config from server at : http://localhost:9090
2026-03-29T07:43:14.986-07:00  INFO 19104 --- [customerprofile-api] [restartedMain] o.s.c.c.c.ConfigServerConfigDataLoader   : Located environment: name=customerprofile-api, profiles=[sit], label=null, version=296b3f4c5537222350900ade8cef5b5181e74308, state=
2026-03-29T07:43:14.994-07:00  INFO 19104 --- [customerprofile-api] [restartedMain] .e.DevToolsPropertyDefaultsPostProcessor : Devtools property defaults active! Set 'spring.devtools.add-properties' to 'false' to disable
2026-03-29T07:43:14.995-07:00  INFO 19104 --- [customerprofile-api] [restartedMain] .e.DevToolsPropertyDefaultsPostProcessor : For additional web related logging consider setting the 'logging.level.web' property to 'DEBUG'
2026-03-29T07:43:17.545-07:00  INFO 19104 --- [customerprofile-api] [restartedMain] .s.d.r.c.RepositoryConfigurationDelegate : Bootstrapping Spring Data JPA repositories in DEFAULT mode.
2026-03-29T07:43:17.610-07:00  INFO 19104 --- [customerprofile-api] [restartedMain] .s.d.r.c.RepositoryConfigurationDelegate : Finished Spring Data repository scanning in 36 ms. Found 0 JPA repository interfaces.
2026-03-29T07:43:18.408-07:00  INFO 19104 --- [customerprofile-api] [restartedMain] o.s.cloud.context.scope.GenericScope     : BeanFactory id=02b18ddc-9f11-3348-8614-7262462ebc53
2026-03-29T07:43:20.109-07:00  INFO 19104 --- [customerprofile-api] [restartedMain] o.s.boot.tomcat.TomcatWebServer          : Tomcat initialized with port 8080 (http)
2026-03-29T07:43:20.144-07:00  INFO 19104 --- [customerprofile-api] [restartedMain] o.apache.catalina.core.StandardService   : Starting service [Tomcat]
2026-03-29T07:43:20.144-07:00  INFO 19104 --- [customerprofile-api] [restartedMain] o.apache.catalina.core.StandardEngine    : Starting Servlet engine: [Apache Tomcat/11.0.20]
2026-03-29T07:43:20.304-07:00  INFO 19104 --- [customerprofile-api] [restartedMain] b.w.c.s.WebApplicationContextInitializer : Root WebApplicationContext: initialization completed in 5305 ms
2026-03-29T07:43:20.987-07:00  INFO 19104 --- [customerprofile-api] [restartedMain] com.zaxxer.hikari.HikariDataSource       : HikariPool-1 - Starting...
2026-03-29T07:43:22.469-07:00  INFO 19104 --- [customerprofile-api] [restartedMain] org.hibernate.orm.jpa                    : HHH008540: Processing PersistenceUnitInfo [name: default]
2026-03-29T07:43:22.640-07:00  INFO 19104 --- [customerprofile-api] [restartedMain] org.hibernate.orm.core                   : HHH000001: Hibernate ORM core version 7.2.7.Final
2026-03-29T07:43:23.804-07:00  INFO 19104 --- [customerprofile-api] [restartedMain] o.s.o.j.p.SpringPersistenceUnitInfo      : No LoadTimeWeaver setup: ignoring JPA class transformer
2026-03-29T07:43:23.887-07:00  INFO 19104 --- [customerprofile-api] [restartedMain] com.zaxxer.hikari.HikariDataSource       : HikariPool-1 - Starting...
2026-03-29T07:43:25.000-07:00  WARN 19104 --- [customerprofile-api] [restartedMain] org.hibernate.orm.jdbc.error             : HHH000247: ErrorCode: 0, SQLState: 3D000
2026-03-29T07:43:25.000-07:00  WARN 19104 --- [customerprofile-api] [restartedMain] org.hibernate.orm.jdbc.error             : FATAL: database "customerprofile" does not exist
2026-03-29T07:43:25.005-07:00  WARN 19104 --- [customerprofile-api] [restartedMain] org.hibernate.orm.jdbc                   : HHH100046: Could not obtain connection to query JDBC database metadata

org.hibernate.exception.GenericJDBCException: Unable to obtain isolated JDBC connection [FATAL: database "customerprofile" does not exist] [n/a]
	at org.hibernate.exception.internal.StandardSQLExceptionConverter.convert(StandardSQLExceptionConverter.java:39) ~[hibernate-core-7.2.7.Final.jar:7.2.7.Final]
	at org.hibernate.engine.jdbc.spi.SqlExceptionHelper.convert(SqlExceptionHelper.java:115) ~[hibernate-core-7.2.7.Final.jar:7.2.7.Final]
	at org.hibernate.engine.jdbc.spi.SqlExceptionHelper.convert(SqlExceptionHelper.java:101) ~[hibernate-core-7.2.7.Final.jar:7.2.7.Final]
	at org.hibernate.resource.transaction.backend.jdbc.internal.JdbcIsolationDelegate.delegateWork(JdbcIsolationDelegate.java:51) ~[hibernate-core-7.2.7.Final.jar:7.2.7.Final]
	at org.hibernate.engine.jdbc.env.internal.JdbcEnvironmentInitiator.getJdbcEnvironmentUsingJdbcMetadata(JdbcEnvironmentInitiator.java:366) ~[hibernate-core-7.2.7.Final.jar:7.2.7.Final]
	at org.hibernate.engine.jdbc.env.internal.JdbcEnvironmentInitiator.getJdbcEnvironment(JdbcEnvironmentInitiator.java:143) ~[hibernate-core-7.2.7.Final.jar:7.2.7.Final]
	at org.hibernate.engine.jdbc.env.internal.JdbcEnvironmentInitiator.initiateService(JdbcEnvironmentInitiator.java:120) ~[hibernate-core-7.2.7.Final.jar:7.2.7.Final]
	at org.hibernate.engine.jdbc.env.internal.JdbcEnvironmentInitiator.initiateService(JdbcEnvironmentInitiator.java:80) ~[hibernate-core-7.2.7.Final.jar:7.2.7.Final]
	at org.hibernate.boot.registry.internal.StandardServiceRegistryImpl.initiateService(StandardServiceRegistryImpl.java:133) ~[hibernate-core-7.2.7.Final.jar:7.2.7.Final]
	at org.hibernate.service.internal.AbstractServiceRegistryImpl.createService(AbstractServiceRegistryImpl.java:260) ~[hibernate-core-7.2.7.Final.jar:7.2.7.Final]
	at org.hibernate.service.internal.AbstractServiceRegistryImpl.initializeService(AbstractServiceRegistryImpl.java:235) ~[hibernate-core-7.2.7.Final.jar:7.2.7.Final]
	at org.hibernate.service.internal.AbstractServiceRegistryImpl.getService(AbstractServiceRegistryImpl.java:212) ~[hibernate-core-7.2.7.Final.jar:7.2.7.Final]
	at org.hibernate.boot.model.relational.Database.<init>(Database.java:44) ~[hibernate-core-7.2.7.Final.jar:7.2.7.Final]
	at org.hibernate.boot.internal.InFlightMetadataCollectorImpl.getDatabase(InFlightMetadataCollectorImpl.java:251) ~[hibernate-core-7.2.7.Final.jar:7.2.7.Final]
	at org.hibernate.boot.internal.InFlightMetadataCollectorImpl.<init>(InFlightMetadataCollectorImpl.java:203) ~[hibernate-core-7.2.7.Final.jar:7.2.7.Final]
	at org.hibernate.boot.model.process.spi.MetadataBuildingProcess.complete(MetadataBuildingProcess.java:172) ~[hibernate-core-7.2.7.Final.jar:7.2.7.Final]
	at org.hibernate.jpa.boot.internal.EntityManagerFactoryBuilderImpl.metadata(EntityManagerFactoryBuilderImpl.java:1392) ~[hibernate-core-7.2.7.Final.jar:7.2.7.Final]
	at org.hibernate.jpa.boot.internal.EntityManagerFactoryBuilderImpl.populateSessionFactoryBuilder(EntityManagerFactoryBuilderImpl.java:1472) ~[hibernate-core-7.2.7.Final.jar:7.2.7.Final]
	at org.hibernate.jpa.boot.internal.EntityManagerFactoryBuilderImpl.build(EntityManagerFactoryBuilderImpl.java:1454) ~[hibernate-core-7.2.7.Final.jar:7.2.7.Final]
	at org.springframework.orm.jpa.vendor.SpringHibernateJpaPersistenceProvider.createContainerEntityManagerFactory(SpringHibernateJpaPersistenceProvider.java:93) ~[spring-orm-7.0.6.jar:7.0.6]
	at org.springframework.orm.jpa.LocalContainerEntityManagerFactoryBean.createNativeEntityManagerFactory(LocalContainerEntityManagerFactoryBean.java:443) ~[spring-orm-7.0.6.jar:7.0.6]
	at org.springframework.orm.jpa.AbstractEntityManagerFactoryBean.buildNativeEntityManagerFactory(AbstractEntityManagerFactoryBean.java:436) ~[spring-orm-7.0.6.jar:7.0.6]
	at org.springframework.orm.jpa.AbstractEntityManagerFactoryBean.afterPropertiesSet(AbstractEntityManagerFactoryBean.java:411) ~[spring-orm-7.0.6.jar:7.0.6]
	at org.springframework.orm.jpa.LocalContainerEntityManagerFactoryBean.afterPropertiesSet(LocalContainerEntityManagerFactoryBean.java:419) ~[spring-orm-7.0.6.jar:7.0.6]
	at org.springframework.beans.factory.support.AbstractAutowireCapableBeanFactory.invokeInitMethods(AbstractAutowireCapableBeanFactory.java:1864) ~[spring-beans-7.0.6.jar:7.0.6]
	at org.springframework.beans.factory.support.AbstractAutowireCapableBeanFactory.initializeBean(AbstractAutowireCapableBeanFactory.java:1813) ~[spring-beans-7.0.6.jar:7.0.6]
	at org.springframework.beans.factory.support.AbstractAutowireCapableBeanFactory.doCreateBean(AbstractAutowireCapableBeanFactory.java:603) ~[spring-beans-7.0.6.jar:7.0.6]
	at org.springframework.beans.factory.support.AbstractAutowireCapableBeanFactory.createBean(AbstractAutowireCapableBeanFactory.java:525) ~[spring-beans-7.0.6.jar:7.0.6]
	at org.springframework.beans.factory.support.AbstractBeanFactory.lambda$doGetBean$0(AbstractBeanFactory.java:333) ~[spring-beans-7.0.6.jar:7.0.6]
	at org.springframework.beans.factory.support.DefaultSingletonBeanRegistry.getSingleton(DefaultSingletonBeanRegistry.java:371) ~[spring-beans-7.0.6.jar:7.0.6]
	at org.springframework.beans.factory.support.AbstractBeanFactory.doGetBean(AbstractBeanFactory.java:331) ~[spring-beans-7.0.6.jar:7.0.6]
	at org.springframework.beans.factory.support.AbstractBeanFactory.getBean(AbstractBeanFactory.java:201) ~[spring-beans-7.0.6.jar:7.0.6]
	at org.springframework.context.support.AbstractApplicationContext.finishBeanFactoryInitialization(AbstractApplicationContext.java:977) ~[spring-context-7.0.6.jar:7.0.6]
	at org.springframework.context.support.AbstractApplicationContext.refresh(AbstractApplicationContext.java:621) ~[spring-context-7.0.6.jar:7.0.6]
	at org.springframework.boot.web.server.servlet.context.ServletWebServerApplicationContext.refresh(ServletWebServerApplicationContext.java:143) ~[spring-boot-web-server-4.0.5.jar:4.0.5]
	at org.springframework.boot.SpringApplication.refresh(SpringApplication.java:756) ~[spring-boot-4.0.5.jar:4.0.5]
	at org.springframework.boot.SpringApplication.refreshContext(SpringApplication.java:445) ~[spring-boot-4.0.5.jar:4.0.5]
	at org.springframework.boot.SpringApplication.run(SpringApplication.java:321) ~[spring-boot-4.0.5.jar:4.0.5]
	at org.springframework.boot.SpringApplication.run(SpringApplication.java:1365) ~[spring-boot-4.0.5.jar:4.0.5]
	at org.springframework.boot.SpringApplication.run(SpringApplication.java:1354) ~[spring-boot-4.0.5.jar:4.0.5]
	at com.customerprofile.CustomerprofileApiApplication.main(CustomerprofileApiApplication.java:10) ~[main/:na]
	at java.base/jdk.internal.reflect.DirectMethodHandleAccessor.invoke(DirectMethodHandleAccessor.java:103) ~[na:na]
	at java.base/java.lang.reflect.Method.invoke(Method.java:580) ~[na:na]
	at org.springframework.boot.devtools.restart.RestartLauncher.run(RestartLauncher.java:52) ~[spring-boot-devtools-4.0.5.jar:4.0.5]
Caused by: org.postgresql.util.PSQLException: FATAL: database "customerprofile" does not exist
	at org.postgresql.core.v3.QueryExecutorImpl.receiveErrorResponse(QueryExecutorImpl.java:2875) ~[postgresql-42.7.10.jar:42.7.10]
	at org.postgresql.core.v3.QueryExecutorImpl.readStartupMessages(QueryExecutorImpl.java:3000) ~[postgresql-42.7.10.jar:42.7.10]
	at org.postgresql.core.v3.QueryExecutorImpl.<init>(QueryExecutorImpl.java:235) ~[postgresql-42.7.10.jar:42.7.10]
	at org.postgresql.core.v3.ConnectionFactoryImpl.openConnectionImpl(ConnectionFactoryImpl.java:344) ~[postgresql-42.7.10.jar:42.7.10]
	at org.postgresql.core.ConnectionFactory.openConnection(ConnectionFactory.java:57) ~[postgresql-42.7.10.jar:42.7.10]
	at org.postgresql.jdbc.PgConnection.<init>(PgConnection.java:290) ~[postgresql-42.7.10.jar:42.7.10]
	at org.postgresql.Driver.makeConnection(Driver.java:448) ~[postgresql-42.7.10.jar:42.7.10]
	at org.postgresql.Driver.connect(Driver.java:298) ~[postgresql-42.7.10.jar:42.7.10]
	at com.zaxxer.hikari.util.DriverDataSource.getConnection(DriverDataSource.java:144) ~[HikariCP-7.0.2.jar:na]
	at com.zaxxer.hikari.pool.PoolBase.newConnection(PoolBase.java:373) ~[HikariCP-7.0.2.jar:na]
	at com.zaxxer.hikari.pool.PoolBase.newPoolEntry(PoolBase.java:210) ~[HikariCP-7.0.2.jar:na]
	at com.zaxxer.hikari.pool.HikariPool.createPoolEntry(HikariPool.java:488) ~[HikariCP-7.0.2.jar:na]
	at com.zaxxer.hikari.pool.HikariPool.checkFailFast(HikariPool.java:576) ~[HikariCP-7.0.2.jar:na]
	at com.zaxxer.hikari.pool.HikariPool.<init>(HikariPool.java:97) ~[HikariCP-7.0.2.jar:na]
	at com.zaxxer.hikari.HikariDataSource.getConnection(HikariDataSource.java:111) ~[HikariCP-7.0.2.jar:na]
	at org.hibernate.engine.jdbc.connections.internal.DataSourceConnectionProvider.getConnection(DataSourceConnectionProvider.java:137) ~[hibernate-core-7.2.7.Final.jar:7.2.7.Final]
	at org.hibernate.engine.jdbc.env.internal.JdbcEnvironmentInitiator$ConnectionProviderJdbcConnectionAccess.obtainConnection(JdbcEnvironmentInitiator.java:508) ~[hibernate-core-7.2.7.Final.jar:7.2.7.Final]
	at org.hibernate.resource.transaction.backend.jdbc.internal.JdbcIsolationDelegate.delegateWork(JdbcIsolationDelegate.java:48) ~[hibernate-core-7.2.7.Final.jar:7.2.7.Final]
	... 40 common frames omitted

2026-03-29T07:43:25.020-07:00 ERROR 19104 --- [customerprofile-api] [restartedMain] j.LocalContainerEntityManagerFactoryBean : Failed to initialize JPA EntityManagerFactory: Unable to create requested service [org.hibernate.engine.jdbc.env.spi.JdbcEnvironment] due to: Unable to determine Dialect without JDBC metadata (please set 'jakarta.persistence.jdbc.url' for common cases or 'hibernate.dialect' when a custom Dialect implementation must be provided)
2026-03-29T07:43:25.021-07:00  WARN 19104 --- [customerprofile-api] [restartedMain] ConfigServletWebServerApplicationContext : Exception encountered during context initialization - cancelling refresh attempt: org.springframework.beans.factory.BeanCreationException: Error creating bean with name 'entityManagerFactory' defined in class path resource [org/springframework/boot/hibernate/autoconfigure/HibernateJpaConfiguration.class]: Unable to create requested service [org.hibernate.engine.jdbc.env.spi.JdbcEnvironment] due to: Unable to determine Dialect without JDBC metadata (please set 'jakarta.persistence.jdbc.url' for common cases or 'hibernate.dialect' when a custom Dialect implementation must be provided)
2026-03-29T07:43:25.034-07:00  INFO 19104 --- [customerprofile-api] [restartedMain] o.apache.catalina.core.StandardService   : Stopping service [Tomcat]
2026-03-29T07:43:25.056-07:00  INFO 19104 --- [customerprofile-api] [restartedMain] .s.b.a.l.ConditionEvaluationReportLogger : 

Error starting ApplicationContext. To display the condition evaluation report re-run your application with 'debug' enabled.
2026-03-29T07:43:25.089-07:00 ERROR 19104 --- [customerprofile-api] [restartedMain] o.s.boot.SpringApplication               : Application run failed

org.springframework.beans.factory.BeanCreationException: Error creating bean with name 'entityManagerFactory' defined in class path resource [org/springframework/boot/hibernate/autoconfigure/HibernateJpaConfiguration.class]: Unable to create requested service [org.hibernate.engine.jdbc.env.spi.JdbcEnvironment] due to: Unable to determine Dialect without JDBC metadata (please set 'jakarta.persistence.jdbc.url' for common cases or 'hibernate.dialect' when a custom Dialect implementation must be provided)
	at org.springframework.beans.factory.support.AbstractAutowireCapableBeanFactory.initializeBean(AbstractAutowireCapableBeanFactory.java:1817) ~[spring-beans-7.0.6.jar:7.0.6]
	at org.springframework.beans.factory.support.AbstractAutowireCapableBeanFactory.doCreateBean(AbstractAutowireCapableBeanFactory.java:603) ~[spring-beans-7.0.6.jar:7.0.6]
	at org.springframework.beans.factory.support.AbstractAutowireCapableBeanFactory.createBean(AbstractAutowireCapableBeanFactory.java:525) ~[spring-beans-7.0.6.jar:7.0.6]
	at org.springframework.beans.factory.support.AbstractBeanFactory.lambda$doGetBean$0(AbstractBeanFactory.java:333) ~[spring-beans-7.0.6.jar:7.0.6]
	at org.springframework.beans.factory.support.DefaultSingletonBeanRegistry.getSingleton(DefaultSingletonBeanRegistry.java:371) ~[spring-beans-7.0.6.jar:7.0.6]
	at org.springframework.beans.factory.support.AbstractBeanFactory.doGetBean(AbstractBeanFactory.java:331) ~[spring-beans-7.0.6.jar:7.0.6]
	at org.springframework.beans.factory.support.AbstractBeanFactory.getBean(AbstractBeanFactory.java:201) ~[spring-beans-7.0.6.jar:7.0.6]
	at org.springframework.context.support.AbstractApplicationContext.finishBeanFactoryInitialization(AbstractApplicationContext.java:977) ~[spring-context-7.0.6.jar:7.0.6]
	at org.springframework.context.support.AbstractApplicationContext.refresh(AbstractApplicationContext.java:621) ~[spring-context-7.0.6.jar:7.0.6]
	at org.springframework.boot.web.server.servlet.context.ServletWebServerApplicationContext.refresh(ServletWebServerApplicationContext.java:143) ~[spring-boot-web-server-4.0.5.jar:4.0.5]
	at org.springframework.boot.SpringApplication.refresh(SpringApplication.java:756) ~[spring-boot-4.0.5.jar:4.0.5]
	at org.springframework.boot.SpringApplication.refreshContext(SpringApplication.java:445) ~[spring-boot-4.0.5.jar:4.0.5]
	at org.springframework.boot.SpringApplication.run(SpringApplication.java:321) ~[spring-boot-4.0.5.jar:4.0.5]
	at org.springframework.boot.SpringApplication.run(SpringApplication.java:1365) ~[spring-boot-4.0.5.jar:4.0.5]
	at org.springframework.boot.SpringApplication.run(SpringApplication.java:1354) ~[spring-boot-4.0.5.jar:4.0.5]
	at com.customerprofile.CustomerprofileApiApplication.main(CustomerprofileApiApplication.java:10) ~[main/:na]
	at java.base/jdk.internal.reflect.DirectMethodHandleAccessor.invoke(DirectMethodHandleAccessor.java:103) ~[na:na]
	at java.base/java.lang.reflect.Method.invoke(Method.java:580) ~[na:na]
	at org.springframework.boot.devtools.restart.RestartLauncher.run(RestartLauncher.java:52) ~[spring-boot-devtools-4.0.5.jar:4.0.5]
Caused by: org.hibernate.service.spi.ServiceException: Unable to create requested service [org.hibernate.engine.jdbc.env.spi.JdbcEnvironment] due to: Unable to determine Dialect without JDBC metadata (please set 'jakarta.persistence.jdbc.url' for common cases or 'hibernate.dialect' when a custom Dialect implementation must be provided)
	at org.hibernate.service.internal.AbstractServiceRegistryImpl.createService(AbstractServiceRegistryImpl.java:273) ~[hibernate-core-7.2.7.Final.jar:7.2.7.Final]
	at org.hibernate.service.internal.AbstractServiceRegistryImpl.initializeService(AbstractServiceRegistryImpl.java:235) ~[hibernate-core-7.2.7.Final.jar:7.2.7.Final]
	at org.hibernate.service.internal.AbstractServiceRegistryImpl.getService(AbstractServiceRegistryImpl.java:212) ~[hibernate-core-7.2.7.Final.jar:7.2.7.Final]
	at org.hibernate.boot.model.relational.Database.<init>(Database.java:44) ~[hibernate-core-7.2.7.Final.jar:7.2.7.Final]
	at org.hibernate.boot.internal.InFlightMetadataCollectorImpl.getDatabase(InFlightMetadataCollectorImpl.java:251) ~[hibernate-core-7.2.7.Final.jar:7.2.7.Final]
	at org.hibernate.boot.internal.InFlightMetadataCollectorImpl.<init>(InFlightMetadataCollectorImpl.java:203) ~[hibernate-core-7.2.7.Final.jar:7.2.7.Final]
	at org.hibernate.boot.model.process.spi.MetadataBuildingProcess.complete(MetadataBuildingProcess.java:172) ~[hibernate-core-7.2.7.Final.jar:7.2.7.Final]
	at org.hibernate.jpa.boot.internal.EntityManagerFactoryBuilderImpl.metadata(EntityManagerFactoryBuilderImpl.java:1392) ~[hibernate-core-7.2.7.Final.jar:7.2.7.Final]
	at org.hibernate.jpa.boot.internal.EntityManagerFactoryBuilderImpl.populateSessionFactoryBuilder(EntityManagerFactoryBuilderImpl.java:1472) ~[hibernate-core-7.2.7.Final.jar:7.2.7.Final]
	at org.hibernate.jpa.boot.internal.EntityManagerFactoryBuilderImpl.build(EntityManagerFactoryBuilderImpl.java:1454) ~[hibernate-core-7.2.7.Final.jar:7.2.7.Final]
	at org.springframework.orm.jpa.vendor.SpringHibernateJpaPersistenceProvider.createContainerEntityManagerFactory(SpringHibernateJpaPersistenceProvider.java:93) ~[spring-orm-7.0.6.jar:7.0.6]
	at org.springframework.orm.jpa.LocalContainerEntityManagerFactoryBean.createNativeEntityManagerFactory(LocalContainerEntityManagerFactoryBean.java:443) ~[spring-orm-7.0.6.jar:7.0.6]
	at org.springframework.orm.jpa.AbstractEntityManagerFactoryBean.buildNativeEntityManagerFactory(AbstractEntityManagerFactoryBean.java:436) ~[spring-orm-7.0.6.jar:7.0.6]
	at org.springframework.orm.jpa.AbstractEntityManagerFactoryBean.afterPropertiesSet(AbstractEntityManagerFactoryBean.java:411) ~[spring-orm-7.0.6.jar:7.0.6]
	at org.springframework.orm.jpa.LocalContainerEntityManagerFactoryBean.afterPropertiesSet(LocalContainerEntityManagerFactoryBean.java:419) ~[spring-orm-7.0.6.jar:7.0.6]
	at org.springframework.beans.factory.support.AbstractAutowireCapableBeanFactory.invokeInitMethods(AbstractAutowireCapableBeanFactory.java:1864) ~[spring-beans-7.0.6.jar:7.0.6]
	at org.springframework.beans.factory.support.AbstractAutowireCapableBeanFactory.initializeBean(AbstractAutowireCapableBeanFactory.java:1813) ~[spring-beans-7.0.6.jar:7.0.6]
	... 18 common frames omitted
Caused by: org.hibernate.HibernateException: Unable to determine Dialect without JDBC metadata (please set 'jakarta.persistence.jdbc.url' for common cases or 'hibernate.dialect' when a custom Dialect implementation must be provided)
	at org.hibernate.engine.jdbc.dialect.internal.DialectFactoryImpl.determineDialect(DialectFactoryImpl.java:190) ~[hibernate-core-7.2.7.Final.jar:7.2.7.Final]
	at org.hibernate.engine.jdbc.dialect.internal.DialectFactoryImpl.buildDialect(DialectFactoryImpl.java:86) ~[hibernate-core-7.2.7.Final.jar:7.2.7.Final]
	at org.hibernate.engine.jdbc.env.internal.JdbcEnvironmentInitiator.getJdbcEnvironmentWithDefaults(JdbcEnvironmentInitiator.java:200) ~[hibernate-core-7.2.7.Final.jar:7.2.7.Final]
	at org.hibernate.engine.jdbc.env.internal.JdbcEnvironmentInitiator.getJdbcEnvironmentUsingJdbcMetadata(JdbcEnvironmentInitiator.java:452) ~[hibernate-core-7.2.7.Final.jar:7.2.7.Final]
	at org.hibernate.engine.jdbc.env.internal.JdbcEnvironmentInitiator.getJdbcEnvironment(JdbcEnvironmentInitiator.java:143) ~[hibernate-core-7.2.7.Final.jar:7.2.7.Final]
	at org.hibernate.engine.jdbc.env.internal.JdbcEnvironmentInitiator.initiateService(JdbcEnvironmentInitiator.java:120) ~[hibernate-core-7.2.7.Final.jar:7.2.7.Final]
	at org.hibernate.engine.jdbc.env.internal.JdbcEnvironmentInitiator.initiateService(JdbcEnvironmentInitiator.java:80) ~[hibernate-core-7.2.7.Final.jar:7.2.7.Final]
	at org.hibernate.boot.registry.internal.StandardServiceRegistryImpl.initiateService(StandardServiceRegistryImpl.java:133) ~[hibernate-core-7.2.7.Final.jar:7.2.7.Final]
	at org.hibernate.service.internal.AbstractServiceRegistryImpl.createService(AbstractServiceRegistryImpl.java:260) ~[hibernate-core-7.2.7.Final.jar:7.2.7.Final]
	... 34 common frames omitted

2026-03-29T07:46:23.222-07:00  INFO 29452 --- [customerprofile-api] [restartedMain] c.c.CustomerprofileApiApplication        : Starting CustomerprofileApiApplication using Java 21.0.2 with PID 29452 (C:\Users\vinum\Documents\GitProjects\customerprofile-api\build\classes\java\main started by vinum in C:\Users\vinum\Documents\GitProjects\customerprofile-api)
2026-03-29T07:46:23.229-07:00 DEBUG 29452 --- [customerprofile-api] [restartedMain] c.c.CustomerprofileApiApplication        : Running with Spring Boot v4.0.5, Spring v7.0.6
2026-03-29T07:46:23.231-07:00  INFO 29452 --- [customerprofile-api] [restartedMain] c.c.CustomerprofileApiApplication        : The following 1 profile is active: "sit"
2026-03-29T07:46:23.372-07:00  INFO 29452 --- [customerprofile-api] [restartedMain] o.s.c.c.c.ConfigServerConfigDataLoader   : Fetching config from server at : http://localhost:9090
2026-03-29T07:46:23.373-07:00  INFO 29452 --- [customerprofile-api] [restartedMain] o.s.c.c.c.ConfigServerConfigDataLoader   : Located environment: name=customerprofile-api, profiles=[default], label=null, version=5cddd00bbfd4c8e36b34281b04fd104b97bb7d3b, state=
2026-03-29T07:46:23.375-07:00  INFO 29452 --- [customerprofile-api] [restartedMain] o.s.c.c.c.ConfigServerConfigDataLoader   : Fetching config from server at : http://localhost:9090
2026-03-29T07:46:23.376-07:00  INFO 29452 --- [customerprofile-api] [restartedMain] o.s.c.c.c.ConfigServerConfigDataLoader   : Located environment: name=customerprofile-api, profiles=[sit], label=null, version=5cddd00bbfd4c8e36b34281b04fd104b97bb7d3b, state=
2026-03-29T07:46:23.385-07:00  INFO 29452 --- [customerprofile-api] [restartedMain] .e.DevToolsPropertyDefaultsPostProcessor : Devtools property defaults active! Set 'spring.devtools.add-properties' to 'false' to disable
2026-03-29T07:46:23.386-07:00  INFO 29452 --- [customerprofile-api] [restartedMain] .e.DevToolsPropertyDefaultsPostProcessor : For additional web related logging consider setting the 'logging.level.web' property to 'DEBUG'
2026-03-29T07:46:26.144-07:00  INFO 29452 --- [customerprofile-api] [restartedMain] .s.d.r.c.RepositoryConfigurationDelegate : Bootstrapping Spring Data JPA repositories in DEFAULT mode.
2026-03-29T07:46:26.252-07:00  INFO 29452 --- [customerprofile-api] [restartedMain] .s.d.r.c.RepositoryConfigurationDelegate : Finished Spring Data repository scanning in 66 ms. Found 0 JPA repository interfaces.
2026-03-29T07:46:26.847-07:00  INFO 29452 --- [customerprofile-api] [restartedMain] o.s.cloud.context.scope.GenericScope     : BeanFactory id=02b18ddc-9f11-3348-8614-7262462ebc53
2026-03-29T07:46:27.995-07:00  INFO 29452 --- [customerprofile-api] [restartedMain] o.s.boot.tomcat.TomcatWebServer          : Tomcat initialized with port 8080 (http)
2026-03-29T07:46:28.042-07:00  INFO 29452 --- [customerprofile-api] [restartedMain] o.apache.catalina.core.StandardService   : Starting service [Tomcat]
2026-03-29T07:46:28.043-07:00  INFO 29452 --- [customerprofile-api] [restartedMain] o.apache.catalina.core.StandardEngine    : Starting Servlet engine: [Apache Tomcat/11.0.20]
2026-03-29T07:46:28.230-07:00  INFO 29452 --- [customerprofile-api] [restartedMain] b.w.c.s.WebApplicationContextInitializer : Root WebApplicationContext: initialization completed in 4843 ms
2026-03-29T07:46:29.228-07:00  INFO 29452 --- [customerprofile-api] [restartedMain] com.zaxxer.hikari.HikariDataSource       : HikariPool-1 - Starting...
2026-03-29T07:46:30.057-07:00  INFO 29452 --- [customerprofile-api] [restartedMain] com.zaxxer.hikari.pool.HikariPool        : HikariPool-1 - Added connection org.postgresql.jdbc.PgConnection@23a7dcb0
2026-03-29T07:46:30.063-07:00  INFO 29452 --- [customerprofile-api] [restartedMain] com.zaxxer.hikari.HikariDataSource       : HikariPool-1 - Start completed.
2026-03-29T07:46:30.129-07:00  INFO 29452 --- [customerprofile-api] [restartedMain] org.hibernate.orm.jpa                    : HHH008540: Processing PersistenceUnitInfo [name: default]
2026-03-29T07:46:30.295-07:00  INFO 29452 --- [customerprofile-api] [restartedMain] org.hibernate.orm.core                   : HHH000001: Hibernate ORM core version 7.2.7.Final
2026-03-29T07:46:31.525-07:00  INFO 29452 --- [customerprofile-api] [restartedMain] o.s.o.j.p.SpringPersistenceUnitInfo      : No LoadTimeWeaver setup: ignoring JPA class transformer
2026-03-29T07:46:31.706-07:00  INFO 29452 --- [customerprofile-api] [restartedMain] org.hibernate.orm.connections.pooling    : HHH10001005: Database info:
	Database JDBC URL [jdbc:postgresql://localhost:5432/postgres]
	Database driver: PostgreSQL JDBC Driver
	Database dialect: PostgreSQLDialect
	Database version: 18.1
	Default catalog/schema: postgres/public
	Autocommit mode: undefined/unknown
	Isolation level: READ_COMMITTED [default READ_COMMITTED]
	JDBC fetch size: none
	Pool: DataSourceConnectionProvider
	Minimum pool size: undefined/unknown
	Maximum pool size: undefined/unknown
2026-03-29T07:46:32.563-07:00  INFO 29452 --- [customerprofile-api] [restartedMain] org.hibernate.orm.core                   : HHH000489: No JTA platform available (set 'hibernate.transaction.jta.platform' to enable JTA platform integration)
2026-03-29T07:46:32.582-07:00  INFO 29452 --- [customerprofile-api] [restartedMain] j.LocalContainerEntityManagerFactoryBean : Initialized JPA EntityManagerFactory for persistence unit 'default'
2026-03-29T07:46:32.900-07:00  WARN 29452 --- [customerprofile-api] [restartedMain] JpaBaseConfiguration$JpaWebConfiguration : spring.jpa.open-in-view is enabled by default. Therefore, database queries may be performed during view rendering. Explicitly configure spring.jpa.open-in-view to disable this warning
2026-03-29T07:46:35.507-07:00  INFO 29452 --- [customerprofile-api] [restartedMain] o.s.b.a.e.web.EndpointLinksResolver      : Exposing 16 endpoints beneath base path '/actuator'
2026-03-29T07:46:35.708-07:00  WARN 29452 --- [customerprofile-api] [restartedMain] ConfigServletWebServerApplicationContext : Exception encountered during context initialization - cancelling refresh attempt: org.springframework.context.ApplicationContextException: Failed to start bean 'webServerStartStop'
2026-03-29T07:46:35.717-07:00  INFO 29452 --- [customerprofile-api] [restartedMain] j.LocalContainerEntityManagerFactoryBean : Closing JPA EntityManagerFactory for persistence unit 'default'
2026-03-29T07:46:35.724-07:00  INFO 29452 --- [customerprofile-api] [restartedMain] com.zaxxer.hikari.HikariDataSource       : HikariPool-1 - Shutdown initiated...
2026-03-29T07:46:35.742-07:00  INFO 29452 --- [customerprofile-api] [restartedMain] com.zaxxer.hikari.HikariDataSource       : HikariPool-1 - Shutdown completed.
2026-03-29T07:46:35.820-07:00  INFO 29452 --- [customerprofile-api] [restartedMain] .s.b.a.l.ConditionEvaluationReportLogger : 

Error starting ApplicationContext. To display the condition evaluation report re-run your application with 'debug' enabled.
2026-03-29T07:46:35.862-07:00 ERROR 29452 --- [customerprofile-api] [restartedMain] o.s.b.d.LoggingFailureAnalysisReporter   : 

***************************
APPLICATION FAILED TO START
***************************

Description:

Web server failed to start. Port 8080 was already in use.

Action:

Identify and stop the process that's listening on port 8080 or configure this application to listen on another port.

2026-03-29T07:48:06.626-07:00  INFO 27312 --- [customerprofile-api] [restartedMain] c.c.CustomerprofileApiApplication        : Starting CustomerprofileApiApplication using Java 21.0.2 with PID 27312 (C:\Users\vinum\Documents\GitProjects\customerprofile-api\build\classes\java\main started by vinum in C:\Users\vinum\Documents\GitProjects\customerprofile-api)
2026-03-29T07:48:06.630-07:00 DEBUG 27312 --- [customerprofile-api] [restartedMain] c.c.CustomerprofileApiApplication        : Running with Spring Boot v4.0.5, Spring v7.0.6
2026-03-29T07:48:06.631-07:00  INFO 27312 --- [customerprofile-api] [restartedMain] c.c.CustomerprofileApiApplication        : The following 1 profile is active: "sit"
2026-03-29T07:48:06.719-07:00  INFO 27312 --- [customerprofile-api] [restartedMain] o.s.c.c.c.ConfigServerConfigDataLoader   : Fetching config from server at : http://localhost:9090
2026-03-29T07:48:06.720-07:00  INFO 27312 --- [customerprofile-api] [restartedMain] o.s.c.c.c.ConfigServerConfigDataLoader   : Located environment: name=customerprofile-api, profiles=[default], label=null, version=5fcece3ead4d5dc93b9d3488e9fbbd3252f4b10d, state=
2026-03-29T07:48:06.722-07:00  INFO 27312 --- [customerprofile-api] [restartedMain] o.s.c.c.c.ConfigServerConfigDataLoader   : Fetching config from server at : http://localhost:9090
2026-03-29T07:48:06.722-07:00  INFO 27312 --- [customerprofile-api] [restartedMain] o.s.c.c.c.ConfigServerConfigDataLoader   : Located environment: name=customerprofile-api, profiles=[sit], label=null, version=5fcece3ead4d5dc93b9d3488e9fbbd3252f4b10d, state=
2026-03-29T07:48:06.734-07:00  INFO 27312 --- [customerprofile-api] [restartedMain] .e.DevToolsPropertyDefaultsPostProcessor : Devtools property defaults active! Set 'spring.devtools.add-properties' to 'false' to disable
2026-03-29T07:48:06.735-07:00  INFO 27312 --- [customerprofile-api] [restartedMain] .e.DevToolsPropertyDefaultsPostProcessor : For additional web related logging consider setting the 'logging.level.web' property to 'DEBUG'
2026-03-29T07:48:08.621-07:00  INFO 27312 --- [customerprofile-api] [restartedMain] .s.d.r.c.RepositoryConfigurationDelegate : Bootstrapping Spring Data JPA repositories in DEFAULT mode.
2026-03-29T07:48:08.660-07:00  INFO 27312 --- [customerprofile-api] [restartedMain] .s.d.r.c.RepositoryConfigurationDelegate : Finished Spring Data repository scanning in 21 ms. Found 0 JPA repository interfaces.
2026-03-29T07:48:09.251-07:00  INFO 27312 --- [customerprofile-api] [restartedMain] o.s.cloud.context.scope.GenericScope     : BeanFactory id=02b18ddc-9f11-3348-8614-7262462ebc53
2026-03-29T07:48:10.311-07:00  INFO 27312 --- [customerprofile-api] [restartedMain] o.s.boot.tomcat.TomcatWebServer          : Tomcat initialized with port 8085 (http)
2026-03-29T07:48:10.340-07:00  INFO 27312 --- [customerprofile-api] [restartedMain] o.apache.catalina.core.StandardService   : Starting service [Tomcat]
2026-03-29T07:48:10.341-07:00  INFO 27312 --- [customerprofile-api] [restartedMain] o.apache.catalina.core.StandardEngine    : Starting Servlet engine: [Apache Tomcat/11.0.20]
2026-03-29T07:48:10.445-07:00  INFO 27312 --- [customerprofile-api] [restartedMain] b.w.c.s.WebApplicationContextInitializer : Root WebApplicationContext: initialization completed in 3708 ms
2026-03-29T07:48:11.051-07:00  INFO 27312 --- [customerprofile-api] [restartedMain] com.zaxxer.hikari.HikariDataSource       : HikariPool-1 - Starting...
2026-03-29T07:48:11.490-07:00  INFO 27312 --- [customerprofile-api] [restartedMain] com.zaxxer.hikari.pool.HikariPool        : HikariPool-1 - Added connection org.postgresql.jdbc.PgConnection@23a7dcb0
2026-03-29T07:48:11.494-07:00  INFO 27312 --- [customerprofile-api] [restartedMain] com.zaxxer.hikari.HikariDataSource       : HikariPool-1 - Start completed.
2026-03-29T07:48:11.580-07:00  INFO 27312 --- [customerprofile-api] [restartedMain] org.hibernate.orm.jpa                    : HHH008540: Processing PersistenceUnitInfo [name: default]
2026-03-29T07:48:11.741-07:00  INFO 27312 --- [customerprofile-api] [restartedMain] org.hibernate.orm.core                   : HHH000001: Hibernate ORM core version 7.2.7.Final
2026-03-29T07:48:13.180-07:00  INFO 27312 --- [customerprofile-api] [restartedMain] o.s.o.j.p.SpringPersistenceUnitInfo      : No LoadTimeWeaver setup: ignoring JPA class transformer
2026-03-29T07:48:13.413-07:00  INFO 27312 --- [customerprofile-api] [restartedMain] org.hibernate.orm.connections.pooling    : HHH10001005: Database info:
	Database JDBC URL [jdbc:postgresql://localhost:5432/postgres]
	Database driver: PostgreSQL JDBC Driver
	Database dialect: PostgreSQLDialect
	Database version: 18.1
	Default catalog/schema: postgres/public
	Autocommit mode: undefined/unknown
	Isolation level: READ_COMMITTED [default READ_COMMITTED]
	JDBC fetch size: none
	Pool: DataSourceConnectionProvider
	Minimum pool size: undefined/unknown
	Maximum pool size: undefined/unknown
2026-03-29T07:48:14.693-07:00  INFO 27312 --- [customerprofile-api] [restartedMain] org.hibernate.orm.core                   : HHH000489: No JTA platform available (set 'hibernate.transaction.jta.platform' to enable JTA platform integration)
2026-03-29T07:48:14.722-07:00  INFO 27312 --- [customerprofile-api] [restartedMain] j.LocalContainerEntityManagerFactoryBean : Initialized JPA EntityManagerFactory for persistence unit 'default'
2026-03-29T07:48:15.088-07:00  WARN 27312 --- [customerprofile-api] [restartedMain] JpaBaseConfiguration$JpaWebConfiguration : spring.jpa.open-in-view is enabled by default. Therefore, database queries may be performed during view rendering. Explicitly configure spring.jpa.open-in-view to disable this warning
2026-03-29T07:48:16.776-07:00  INFO 27312 --- [customerprofile-api] [restartedMain] o.s.b.a.e.web.EndpointLinksResolver      : Exposing 16 endpoints beneath base path '/actuator'
2026-03-29T07:48:16.987-07:00  INFO 27312 --- [customerprofile-api] [restartedMain] o.s.boot.tomcat.TomcatWebServer          : Tomcat started on port 8085 (http) with context path '/'
2026-03-29T07:48:17.020-07:00  INFO 27312 --- [customerprofile-api] [restartedMain] c.c.CustomerprofileApiApplication        : Started CustomerprofileApiApplication in 13.914 seconds (process running for 15.072)
2026-03-29T07:48:17.201-07:00  WARN 27312 --- [customerprofile-api] [restartedMain] o.s.core.events.SpringDocAppInitializer  : SpringDoc /v3/api-docs endpoint is enabled by default. To disable it in production, set the property 'springdoc.api-docs.enabled=false'
2026-03-29T07:48:17.201-07:00  WARN 27312 --- [customerprofile-api] [restartedMain] o.s.core.events.SpringDocAppInitializer  : SpringDoc /swagger-ui.html endpoint is enabled by default. To disable it in production, set the property 'springdoc.swagger-ui.enabled=false'
2026-03-29T07:48:53.265-07:00  INFO 27312 --- [customerprofile-api] [http-nio-8085-exec-1] o.a.c.c.C.[Tomcat].[localhost].[/]       : Initializing Spring DispatcherServlet 'dispatcherServlet'
2026-03-29T07:48:53.265-07:00  INFO 27312 --- [customerprofile-api] [http-nio-8085-exec-1] o.s.web.servlet.DispatcherServlet        : Initializing Servlet 'dispatcherServlet'
2026-03-29T07:48:53.270-07:00  INFO 27312 --- [customerprofile-api] [http-nio-8085-exec-1] o.s.web.servlet.DispatcherServlet        : Completed initialization in 5 ms
2026-03-29T07:57:01.199-07:00  INFO 27312 --- [customerprofile-api] [http-nio-8085-exec-4] o.springdoc.api.AbstractOpenApiResource  : Init duration for springdoc-openapi is: 140 ms
2026-03-29T08:29:49.407-07:00  INFO 27312 --- [customerprofile-api] [File Watcher] rtingClassPathChangeChangedEventListener : Restarting due to 11 class path changes (11 additions, 0 deletions, 0 modifications)
2026-03-29T08:29:49.457-07:00  INFO 27312 --- [customerprofile-api] [Thread-1] o.s.boot.tomcat.GracefulShutdown         : Commencing graceful shutdown. Waiting for active requests to complete
2026-03-29T08:29:49.471-07:00  INFO 27312 --- [customerprofile-api] [tomcat-shutdown] o.s.boot.tomcat.GracefulShutdown         : Graceful shutdown complete
2026-03-29T08:29:49.501-07:00  INFO 27312 --- [customerprofile-api] [Thread-1] j.LocalContainerEntityManagerFactoryBean : Closing JPA EntityManagerFactory for persistence unit 'default'
2026-03-29T08:29:49.529-07:00  INFO 27312 --- [customerprofile-api] [Thread-1] com.zaxxer.hikari.HikariDataSource       : HikariPool-1 - Shutdown initiated...
2026-03-29T08:29:49.537-07:00  INFO 27312 --- [customerprofile-api] [Thread-1] com.zaxxer.hikari.HikariDataSource       : HikariPool-1 - Shutdown completed.
2026-03-29T08:29:51.303-07:00  INFO 27312 --- [customerprofile-api] [restartedMain] c.c.CustomerprofileApiApplication        : Starting CustomerprofileApiApplication using Java 21.0.2 with PID 27312 (C:\Users\vinum\Documents\GitProjects\customerprofile-api\build\classes\java\main started by vinum in C:\Users\vinum\Documents\GitProjects\customerprofile-api)
2026-03-29T08:29:51.304-07:00 DEBUG 27312 --- [customerprofile-api] [restartedMain] c.c.CustomerprofileApiApplication        : Running with Spring Boot v4.0.5, Spring v7.0.6
2026-03-29T08:29:51.304-07:00  INFO 27312 --- [customerprofile-api] [restartedMain] c.c.CustomerprofileApiApplication        : The following 1 profile is active: "sit"
2026-03-29T08:29:51.312-07:00  INFO 27312 --- [customerprofile-api] [restartedMain] o.s.c.c.c.ConfigServerConfigDataLoader   : Fetching config from server at : http://localhost:9090
2026-03-29T08:29:51.313-07:00  INFO 27312 --- [customerprofile-api] [restartedMain] o.s.c.c.c.ConfigServerConfigDataLoader   : Located environment: name=customerprofile-api, profiles=[default], label=null, version=5fcece3ead4d5dc93b9d3488e9fbbd3252f4b10d, state=
2026-03-29T08:29:51.315-07:00  INFO 27312 --- [customerprofile-api] [restartedMain] o.s.c.c.c.ConfigServerConfigDataLoader   : Fetching config from server at : http://localhost:9090
2026-03-29T08:29:51.318-07:00  INFO 27312 --- [customerprofile-api] [restartedMain] o.s.c.c.c.ConfigServerConfigDataLoader   : Located environment: name=customerprofile-api, profiles=[sit], label=null, version=5fcece3ead4d5dc93b9d3488e9fbbd3252f4b10d, state=
2026-03-29T08:29:52.311-07:00  INFO 27312 --- [customerprofile-api] [restartedMain] .s.d.r.c.RepositoryConfigurationDelegate : Bootstrapping Spring Data JPA repositories in DEFAULT mode.
2026-03-29T08:29:52.614-07:00  INFO 27312 --- [customerprofile-api] [restartedMain] .s.d.r.c.RepositoryConfigurationDelegate : Finished Spring Data repository scanning in 190 ms. Found 1 JPA repository interface.
2026-03-29T08:29:53.369-07:00  INFO 27312 --- [customerprofile-api] [restartedMain] o.s.cloud.context.scope.GenericScope     : BeanFactory id=1f25b4ae-fa0e-376d-a496-7a91d84d4dfe
2026-03-29T08:29:53.810-07:00  INFO 27312 --- [customerprofile-api] [restartedMain] o.s.boot.tomcat.TomcatWebServer          : Tomcat initialized with port 8085 (http)
2026-03-29T08:29:53.813-07:00  INFO 27312 --- [customerprofile-api] [restartedMain] o.apache.catalina.core.StandardService   : Starting service [Tomcat]
2026-03-29T08:29:53.816-07:00  INFO 27312 --- [customerprofile-api] [restartedMain] o.apache.catalina.core.StandardEngine    : Starting Servlet engine: [Apache Tomcat/11.0.20]
2026-03-29T08:29:53.934-07:00  INFO 27312 --- [customerprofile-api] [restartedMain] b.w.c.s.WebApplicationContextInitializer : Root WebApplicationContext: initialization completed in 2611 ms
2026-03-29T08:29:54.153-07:00  INFO 27312 --- [customerprofile-api] [restartedMain] com.zaxxer.hikari.HikariDataSource       : HikariPool-2 - Starting...
2026-03-29T08:29:54.261-07:00  INFO 27312 --- [customerprofile-api] [restartedMain] com.zaxxer.hikari.pool.HikariPool        : HikariPool-2 - Added connection org.postgresql.jdbc.PgConnection@41191586
2026-03-29T08:29:54.262-07:00  INFO 27312 --- [customerprofile-api] [restartedMain] com.zaxxer.hikari.HikariDataSource       : HikariPool-2 - Start completed.
2026-03-29T08:29:54.266-07:00  INFO 27312 --- [customerprofile-api] [restartedMain] org.hibernate.orm.jpa                    : HHH008540: Processing PersistenceUnitInfo [name: default]
2026-03-29T08:29:54.444-07:00  INFO 27312 --- [customerprofile-api] [restartedMain] o.s.o.j.p.SpringPersistenceUnitInfo      : No LoadTimeWeaver setup: ignoring JPA class transformer
2026-03-29T08:29:54.506-07:00  INFO 27312 --- [customerprofile-api] [restartedMain] org.hibernate.orm.connections.pooling    : HHH10001005: Database info:
	Database JDBC URL [jdbc:postgresql://localhost:5432/postgres]
	Database driver: PostgreSQL JDBC Driver
	Database dialect: PostgreSQLDialect
	Database version: 18.1
	Default catalog/schema: postgres/public
	Autocommit mode: undefined/unknown
	Isolation level: READ_COMMITTED [default READ_COMMITTED]
	JDBC fetch size: none
	Pool: DataSourceConnectionProvider
	Minimum pool size: undefined/unknown
	Maximum pool size: undefined/unknown
2026-03-29T08:29:56.395-07:00  INFO 27312 --- [customerprofile-api] [restartedMain] org.hibernate.orm.core                   : HHH000489: No JTA platform available (set 'hibernate.transaction.jta.platform' to enable JTA platform integration)
2026-03-29T08:29:56.397-07:00  INFO 27312 --- [customerprofile-api] [restartedMain] j.LocalContainerEntityManagerFactoryBean : Initialized JPA EntityManagerFactory for persistence unit 'default'
2026-03-29T08:29:56.669-07:00  INFO 27312 --- [customerprofile-api] [restartedMain] o.s.d.j.r.query.QueryEnhancerFactories   : Hibernate is in classpath; If applicable, HQL parser will be used.
2026-03-29T08:29:57.855-07:00  WARN 27312 --- [customerprofile-api] [restartedMain] JpaBaseConfiguration$JpaWebConfiguration : spring.jpa.open-in-view is enabled by default. Therefore, database queries may be performed during view rendering. Explicitly configure spring.jpa.open-in-view to disable this warning
2026-03-29T08:29:59.407-07:00  INFO 27312 --- [customerprofile-api] [restartedMain] o.s.b.a.e.web.EndpointLinksResolver      : Exposing 16 endpoints beneath base path '/actuator'
2026-03-29T08:29:59.509-07:00  INFO 27312 --- [customerprofile-api] [restartedMain] o.s.boot.tomcat.TomcatWebServer          : Tomcat started on port 8085 (http) with context path '/'
2026-03-29T08:29:59.534-07:00  INFO 27312 --- [customerprofile-api] [restartedMain] c.c.CustomerprofileApiApplication        : Started CustomerprofileApiApplication in 9.703 seconds (process running for 2517.698)
2026-03-29T08:29:59.538-07:00  WARN 27312 --- [customerprofile-api] [restartedMain] o.s.core.events.SpringDocAppInitializer  : SpringDoc /v3/api-docs endpoint is enabled by default. To disable it in production, set the property 'springdoc.api-docs.enabled=false'
2026-03-29T08:29:59.539-07:00  WARN 27312 --- [customerprofile-api] [restartedMain] o.s.core.events.SpringDocAppInitializer  : SpringDoc /swagger-ui.html endpoint is enabled by default. To disable it in production, set the property 'springdoc.swagger-ui.enabled=false'
2026-03-29T08:29:59.545-07:00  INFO 27312 --- [customerprofile-api] [restartedMain] .ConditionEvaluationDeltaLoggingListener : Condition evaluation unchanged
2026-03-29T08:30:03.123-07:00  INFO 26860 --- [customerprofile-api] [restartedMain] c.c.CustomerprofileApiApplication        : Starting CustomerprofileApiApplication using Java 21.0.2 with PID 26860 (C:\Users\vinum\Documents\GitProjects\customerprofile-api\build\classes\java\main started by vinum in C:\Users\vinum\Documents\GitProjects\customerprofile-api)
2026-03-29T08:30:03.166-07:00 DEBUG 26860 --- [customerprofile-api] [restartedMain] c.c.CustomerprofileApiApplication        : Running with Spring Boot v4.0.5, Spring v7.0.6
2026-03-29T08:30:03.177-07:00  INFO 26860 --- [customerprofile-api] [restartedMain] c.c.CustomerprofileApiApplication        : The following 1 profile is active: "sit"
2026-03-29T08:30:03.446-07:00  INFO 26860 --- [customerprofile-api] [restartedMain] o.s.c.c.c.ConfigServerConfigDataLoader   : Fetching config from server at : http://localhost:9090
2026-03-29T08:30:03.474-07:00  INFO 26860 --- [customerprofile-api] [restartedMain] o.s.c.c.c.ConfigServerConfigDataLoader   : Located environment: name=customerprofile-api, profiles=[default], label=null, version=5fcece3ead4d5dc93b9d3488e9fbbd3252f4b10d, state=
2026-03-29T08:30:03.477-07:00  INFO 26860 --- [customerprofile-api] [restartedMain] o.s.c.c.c.ConfigServerConfigDataLoader   : Fetching config from server at : http://localhost:9090
2026-03-29T08:30:03.480-07:00  INFO 26860 --- [customerprofile-api] [restartedMain] o.s.c.c.c.ConfigServerConfigDataLoader   : Located environment: name=customerprofile-api, profiles=[sit], label=null, version=5fcece3ead4d5dc93b9d3488e9fbbd3252f4b10d, state=
2026-03-29T08:30:03.493-07:00  INFO 26860 --- [customerprofile-api] [restartedMain] .e.DevToolsPropertyDefaultsPostProcessor : Devtools property defaults active! Set 'spring.devtools.add-properties' to 'false' to disable
2026-03-29T08:30:03.548-07:00  INFO 26860 --- [customerprofile-api] [restartedMain] .e.DevToolsPropertyDefaultsPostProcessor : For additional web related logging consider setting the 'logging.level.web' property to 'DEBUG'
2026-03-29T08:30:08.092-07:00  INFO 26860 --- [customerprofile-api] [restartedMain] .s.d.r.c.RepositoryConfigurationDelegate : Bootstrapping Spring Data JPA repositories in DEFAULT mode.
2026-03-29T08:30:08.336-07:00  INFO 26860 --- [customerprofile-api] [restartedMain] .s.d.r.c.RepositoryConfigurationDelegate : Finished Spring Data repository scanning in 184 ms. Found 1 JPA repository interface.
2026-03-29T08:30:09.121-07:00  INFO 26860 --- [customerprofile-api] [restartedMain] o.s.cloud.context.scope.GenericScope     : BeanFactory id=1f25b4ae-fa0e-376d-a496-7a91d84d4dfe
2026-03-29T08:30:10.665-07:00  INFO 26860 --- [customerprofile-api] [restartedMain] o.s.boot.tomcat.TomcatWebServer          : Tomcat initialized with port 8085 (http)
2026-03-29T08:30:10.703-07:00  INFO 26860 --- [customerprofile-api] [restartedMain] o.apache.catalina.core.StandardService   : Starting service [Tomcat]
2026-03-29T08:30:10.704-07:00  INFO 26860 --- [customerprofile-api] [restartedMain] o.apache.catalina.core.StandardEngine    : Starting Servlet engine: [Apache Tomcat/11.0.20]
2026-03-29T08:30:10.884-07:00  INFO 26860 --- [customerprofile-api] [restartedMain] b.w.c.s.WebApplicationContextInitializer : Root WebApplicationContext: initialization completed in 7289 ms
2026-03-29T08:30:11.848-07:00  INFO 26860 --- [customerprofile-api] [restartedMain] com.zaxxer.hikari.HikariDataSource       : HikariPool-1 - Starting...
2026-03-29T08:30:12.513-07:00  INFO 26860 --- [customerprofile-api] [restartedMain] com.zaxxer.hikari.pool.HikariPool        : HikariPool-1 - Added connection org.postgresql.jdbc.PgConnection@50cffd90
2026-03-29T08:30:12.521-07:00  INFO 26860 --- [customerprofile-api] [restartedMain] com.zaxxer.hikari.HikariDataSource       : HikariPool-1 - Start completed.
2026-03-29T08:30:12.696-07:00  INFO 26860 --- [customerprofile-api] [restartedMain] org.hibernate.orm.jpa                    : HHH008540: Processing PersistenceUnitInfo [name: default]
2026-03-29T08:30:13.024-07:00  INFO 26860 --- [customerprofile-api] [restartedMain] org.hibernate.orm.core                   : HHH000001: Hibernate ORM core version 7.2.7.Final
2026-03-29T08:30:14.678-07:00  INFO 26860 --- [customerprofile-api] [restartedMain] o.s.o.j.p.SpringPersistenceUnitInfo      : No LoadTimeWeaver setup: ignoring JPA class transformer
2026-03-29T08:30:14.923-07:00  INFO 26860 --- [customerprofile-api] [restartedMain] org.hibernate.orm.connections.pooling    : HHH10001005: Database info:
	Database JDBC URL [jdbc:postgresql://localhost:5432/postgres]
	Database driver: PostgreSQL JDBC Driver
	Database dialect: PostgreSQLDialect
	Database version: 18.1
	Default catalog/schema: postgres/public
	Autocommit mode: undefined/unknown
	Isolation level: READ_COMMITTED [default READ_COMMITTED]
	JDBC fetch size: none
	Pool: DataSourceConnectionProvider
	Minimum pool size: undefined/unknown
	Maximum pool size: undefined/unknown
2026-03-29T08:30:16.787-07:00  INFO 26860 --- [customerprofile-api] [restartedMain] org.hibernate.orm.core                   : HHH000489: No JTA platform available (set 'hibernate.transaction.jta.platform' to enable JTA platform integration)
2026-03-29T08:30:16.806-07:00  INFO 26860 --- [customerprofile-api] [restartedMain] j.LocalContainerEntityManagerFactoryBean : Initialized JPA EntityManagerFactory for persistence unit 'default'
2026-03-29T08:30:16.995-07:00  INFO 26860 --- [customerprofile-api] [restartedMain] o.s.d.j.r.query.QueryEnhancerFactories   : Hibernate is in classpath; If applicable, HQL parser will be used.
2026-03-29T08:30:17.476-07:00  INFO 27312 --- [customerprofile-api] [http-nio-8085-exec-2] o.a.c.c.C.[Tomcat].[localhost].[/]       : Initializing Spring DispatcherServlet 'dispatcherServlet'
2026-03-29T08:30:17.476-07:00  INFO 27312 --- [customerprofile-api] [http-nio-8085-exec-2] o.s.web.servlet.DispatcherServlet        : Initializing Servlet 'dispatcherServlet'
2026-03-29T08:30:17.482-07:00  INFO 27312 --- [customerprofile-api] [http-nio-8085-exec-2] o.s.web.servlet.DispatcherServlet        : Completed initialization in 6 ms
2026-03-29T08:30:18.171-07:00  WARN 26860 --- [customerprofile-api] [restartedMain] JpaBaseConfiguration$JpaWebConfiguration : spring.jpa.open-in-view is enabled by default. Therefore, database queries may be performed during view rendering. Explicitly configure spring.jpa.open-in-view to disable this warning
2026-03-29T08:30:18.517-07:00  INFO 27312 --- [customerprofile-api] [http-nio-8085-exec-7] o.springdoc.api.AbstractOpenApiResource  : Init duration for springdoc-openapi is: 722 ms
2026-03-29T08:30:20.745-07:00  INFO 26860 --- [customerprofile-api] [restartedMain] o.s.b.a.e.web.EndpointLinksResolver      : Exposing 16 endpoints beneath base path '/actuator'
2026-03-29T08:30:21.034-07:00  WARN 26860 --- [customerprofile-api] [restartedMain] ConfigServletWebServerApplicationContext : Exception encountered during context initialization - cancelling refresh attempt: org.springframework.context.ApplicationContextException: Failed to start bean 'webServerStartStop'
2026-03-29T08:30:21.051-07:00  INFO 26860 --- [customerprofile-api] [restartedMain] j.LocalContainerEntityManagerFactoryBean : Closing JPA EntityManagerFactory for persistence unit 'default'
2026-03-29T08:30:21.068-07:00  INFO 26860 --- [customerprofile-api] [restartedMain] com.zaxxer.hikari.HikariDataSource       : HikariPool-1 - Shutdown initiated...
2026-03-29T08:30:21.084-07:00  INFO 26860 --- [customerprofile-api] [restartedMain] com.zaxxer.hikari.HikariDataSource       : HikariPool-1 - Shutdown completed.
2026-03-29T08:30:21.159-07:00  INFO 26860 --- [customerprofile-api] [restartedMain] .s.b.a.l.ConditionEvaluationReportLogger : 

Error starting ApplicationContext. To display the condition evaluation report re-run your application with 'debug' enabled.
2026-03-29T08:30:21.219-07:00 ERROR 26860 --- [customerprofile-api] [restartedMain] o.s.b.d.LoggingFailureAnalysisReporter   : 

***************************
APPLICATION FAILED TO START
***************************

Description:

Web server failed to start. Port 8085 was already in use.

Action:

Identify and stop the process that's listening on port 8085 or configure this application to listen on another port.

2026-03-29T08:30:24.966-07:00  WARN 27312 --- [customerprofile-api] [http-nio-8085-exec-10] org.hibernate.orm.jdbc.error             : HHH000247: ErrorCode: 0, SQLState: 42703
2026-03-29T08:30:24.968-07:00  WARN 27312 --- [customerprofile-api] [http-nio-8085-exec-10] org.hibernate.orm.jdbc.error             : ERROR: column cp1_0.id does not exist
  Position: 8
2026-03-29T08:30:25.000-07:00  WARN 27312 --- [customerprofile-api] [http-nio-8085-exec-10] .m.m.a.ExceptionHandlerExceptionResolver : Resolved [org.springframework.dao.InvalidDataAccessResourceUsageException: JDBC exception executing SQL [ERROR: column cp1_0.id does not exist<EOL>  Position: 8] [select cp1_0.id,cp1_0.address_line1,cp1_0.address_line2,cp1_0.city,cp1_0.country,cp1_0.email,cp1_0.first_name,cp1_0.last_name,cp1_0.phone,cp1_0.postal_code,cp1_0.state from customerprofile cp1_0]; SQL [select cp1_0.id,cp1_0.address_line1,cp1_0.address_line2,cp1_0.city,cp1_0.country,cp1_0.email,cp1_0.first_name,cp1_0.last_name,cp1_0.phone,cp1_0.postal_code,cp1_0.state from customerprofile cp1_0]]
2026-03-29T08:32:31.145-07:00  INFO 23672 --- [customerprofile-api] [restartedMain] c.c.CustomerprofileApiApplication        : Starting CustomerprofileApiApplication using Java 21.0.2 with PID 23672 (C:\Users\vinum\Documents\GitProjects\customerprofile-api\build\classes\java\main started by vinum in C:\Users\vinum\Documents\GitProjects\customerprofile-api)
2026-03-29T08:32:31.150-07:00 DEBUG 23672 --- [customerprofile-api] [restartedMain] c.c.CustomerprofileApiApplication        : Running with Spring Boot v4.0.5, Spring v7.0.6
2026-03-29T08:32:31.151-07:00  INFO 23672 --- [customerprofile-api] [restartedMain] c.c.CustomerprofileApiApplication        : The following 1 profile is active: "sit"
2026-03-29T08:32:31.240-07:00  INFO 23672 --- [customerprofile-api] [restartedMain] o.s.c.c.c.ConfigServerConfigDataLoader   : Fetching config from server at : http://localhost:9090
2026-03-29T08:32:31.240-07:00  INFO 23672 --- [customerprofile-api] [restartedMain] o.s.c.c.c.ConfigServerConfigDataLoader   : Located environment: name=customerprofile-api, profiles=[default], label=null, version=5fcece3ead4d5dc93b9d3488e9fbbd3252f4b10d, state=
2026-03-29T08:32:31.241-07:00  INFO 23672 --- [customerprofile-api] [restartedMain] o.s.c.c.c.ConfigServerConfigDataLoader   : Fetching config from server at : http://localhost:9090
2026-03-29T08:32:31.241-07:00  INFO 23672 --- [customerprofile-api] [restartedMain] o.s.c.c.c.ConfigServerConfigDataLoader   : Located environment: name=customerprofile-api, profiles=[sit], label=null, version=5fcece3ead4d5dc93b9d3488e9fbbd3252f4b10d, state=
2026-03-29T08:32:31.246-07:00  INFO 23672 --- [customerprofile-api] [restartedMain] .e.DevToolsPropertyDefaultsPostProcessor : Devtools property defaults active! Set 'spring.devtools.add-properties' to 'false' to disable
2026-03-29T08:32:31.247-07:00  INFO 23672 --- [customerprofile-api] [restartedMain] .e.DevToolsPropertyDefaultsPostProcessor : For additional web related logging consider setting the 'logging.level.web' property to 'DEBUG'
2026-03-29T08:32:33.318-07:00  INFO 23672 --- [customerprofile-api] [restartedMain] .s.d.r.c.RepositoryConfigurationDelegate : Bootstrapping Spring Data JPA repositories in DEFAULT mode.
2026-03-29T08:32:33.431-07:00  INFO 23672 --- [customerprofile-api] [restartedMain] .s.d.r.c.RepositoryConfigurationDelegate : Finished Spring Data repository scanning in 91 ms. Found 1 JPA repository interface.
2026-03-29T08:32:33.917-07:00  INFO 23672 --- [customerprofile-api] [restartedMain] o.s.cloud.context.scope.GenericScope     : BeanFactory id=1f25b4ae-fa0e-376d-a496-7a91d84d4dfe
2026-03-29T08:32:34.949-07:00  INFO 23672 --- [customerprofile-api] [restartedMain] o.s.boot.tomcat.TomcatWebServer          : Tomcat initialized with port 8085 (http)
2026-03-29T08:32:34.999-07:00  INFO 23672 --- [customerprofile-api] [restartedMain] o.apache.catalina.core.StandardService   : Starting service [Tomcat]
2026-03-29T08:32:35.000-07:00  INFO 23672 --- [customerprofile-api] [restartedMain] o.apache.catalina.core.StandardEngine    : Starting Servlet engine: [Apache Tomcat/11.0.20]
2026-03-29T08:32:35.197-07:00  INFO 23672 --- [customerprofile-api] [restartedMain] b.w.c.s.WebApplicationContextInitializer : Root WebApplicationContext: initialization completed in 3949 ms
2026-03-29T08:32:35.867-07:00  INFO 23672 --- [customerprofile-api] [restartedMain] com.zaxxer.hikari.HikariDataSource       : HikariPool-1 - Starting...
2026-03-29T08:32:36.314-07:00  INFO 23672 --- [customerprofile-api] [restartedMain] com.zaxxer.hikari.pool.HikariPool        : HikariPool-1 - Added connection org.postgresql.jdbc.PgConnection@60a8d80d
2026-03-29T08:32:36.317-07:00  INFO 23672 --- [customerprofile-api] [restartedMain] com.zaxxer.hikari.HikariDataSource       : HikariPool-1 - Start completed.
2026-03-29T08:32:36.401-07:00  INFO 23672 --- [customerprofile-api] [restartedMain] org.hibernate.orm.jpa                    : HHH008540: Processing PersistenceUnitInfo [name: default]
2026-03-29T08:32:36.567-07:00  INFO 23672 --- [customerprofile-api] [restartedMain] org.hibernate.orm.core                   : HHH000001: Hibernate ORM core version 7.2.7.Final
2026-03-29T08:32:37.825-07:00  INFO 23672 --- [customerprofile-api] [restartedMain] o.s.o.j.p.SpringPersistenceUnitInfo      : No LoadTimeWeaver setup: ignoring JPA class transformer
2026-03-29T08:32:38.020-07:00  INFO 23672 --- [customerprofile-api] [restartedMain] org.hibernate.orm.connections.pooling    : HHH10001005: Database info:
	Database JDBC URL [jdbc:postgresql://localhost:5432/postgres]
	Database driver: PostgreSQL JDBC Driver
	Database dialect: PostgreSQLDialect
	Database version: 18.1
	Default catalog/schema: postgres/public
	Autocommit mode: undefined/unknown
	Isolation level: READ_COMMITTED [default READ_COMMITTED]
	JDBC fetch size: none
	Pool: DataSourceConnectionProvider
	Minimum pool size: undefined/unknown
	Maximum pool size: undefined/unknown
2026-03-29T08:32:39.474-07:00  INFO 23672 --- [customerprofile-api] [restartedMain] org.hibernate.orm.core                   : HHH000489: No JTA platform available (set 'hibernate.transaction.jta.platform' to enable JTA platform integration)
2026-03-29T08:32:39.484-07:00  INFO 23672 --- [customerprofile-api] [restartedMain] j.LocalContainerEntityManagerFactoryBean : Initialized JPA EntityManagerFactory for persistence unit 'default'
2026-03-29T08:32:39.619-07:00  INFO 23672 --- [customerprofile-api] [restartedMain] o.s.d.j.r.query.QueryEnhancerFactories   : Hibernate is in classpath; If applicable, HQL parser will be used.
2026-03-29T08:32:40.175-07:00  WARN 23672 --- [customerprofile-api] [restartedMain] JpaBaseConfiguration$JpaWebConfiguration : spring.jpa.open-in-view is enabled by default. Therefore, database queries may be performed during view rendering. Explicitly configure spring.jpa.open-in-view to disable this warning
2026-03-29T08:32:41.806-07:00  INFO 23672 --- [customerprofile-api] [restartedMain] o.s.b.a.e.web.EndpointLinksResolver      : Exposing 16 endpoints beneath base path '/actuator'
2026-03-29T08:32:42.065-07:00  INFO 23672 --- [customerprofile-api] [restartedMain] o.s.boot.tomcat.TomcatWebServer          : Tomcat started on port 8085 (http) with context path '/'
2026-03-29T08:32:42.114-07:00  INFO 23672 --- [customerprofile-api] [restartedMain] c.c.CustomerprofileApiApplication        : Started CustomerprofileApiApplication in 14.15 seconds (process running for 15.356)
2026-03-29T08:32:42.434-07:00  WARN 23672 --- [customerprofile-api] [restartedMain] o.s.core.events.SpringDocAppInitializer  : SpringDoc /v3/api-docs endpoint is enabled by default. To disable it in production, set the property 'springdoc.api-docs.enabled=false'
2026-03-29T08:32:42.436-07:00  WARN 23672 --- [customerprofile-api] [restartedMain] o.s.core.events.SpringDocAppInitializer  : SpringDoc /swagger-ui.html endpoint is enabled by default. To disable it in production, set the property 'springdoc.swagger-ui.enabled=false'
2026-03-29T08:32:43.981-07:00  INFO 23672 --- [customerprofile-api] [http-nio-8085-exec-1] o.a.c.c.C.[Tomcat].[localhost].[/]       : Initializing Spring DispatcherServlet 'dispatcherServlet'
2026-03-29T08:32:43.982-07:00  INFO 23672 --- [customerprofile-api] [http-nio-8085-exec-1] o.s.web.servlet.DispatcherServlet        : Initializing Servlet 'dispatcherServlet'
2026-03-29T08:32:43.985-07:00  INFO 23672 --- [customerprofile-api] [http-nio-8085-exec-1] o.s.web.servlet.DispatcherServlet        : Completed initialization in 2 ms
2026-03-29T08:32:44.781-07:00  INFO 23672 --- [customerprofile-api] [http-nio-8085-exec-4] o.springdoc.api.AbstractOpenApiResource  : Init duration for springdoc-openapi is: 390 ms
2026-03-29T08:35:23.714-07:00  INFO 3916 --- [customerprofile-api] [restartedMain] c.c.CustomerprofileApiApplication        : Starting CustomerprofileApiApplication using Java 21.0.2 with PID 3916 (C:\Users\vinum\Documents\GitProjects\customerprofile-api\build\classes\java\main started by vinum in C:\Users\vinum\Documents\GitProjects\customerprofile-api)
2026-03-29T08:35:23.722-07:00 DEBUG 3916 --- [customerprofile-api] [restartedMain] c.c.CustomerprofileApiApplication        : Running with Spring Boot v4.0.5, Spring v7.0.6
2026-03-29T08:35:23.723-07:00  INFO 3916 --- [customerprofile-api] [restartedMain] c.c.CustomerprofileApiApplication        : The following 1 profile is active: "sit"
2026-03-29T08:35:23.856-07:00  INFO 3916 --- [customerprofile-api] [restartedMain] o.s.c.c.c.ConfigServerConfigDataLoader   : Fetching config from server at : http://localhost:9090
2026-03-29T08:35:23.856-07:00  INFO 3916 --- [customerprofile-api] [restartedMain] o.s.c.c.c.ConfigServerConfigDataLoader   : Located environment: name=customerprofile-api, profiles=[default], label=null, version=5fcece3ead4d5dc93b9d3488e9fbbd3252f4b10d, state=
2026-03-29T08:35:23.860-07:00  INFO 3916 --- [customerprofile-api] [restartedMain] o.s.c.c.c.ConfigServerConfigDataLoader   : Fetching config from server at : http://localhost:9090
2026-03-29T08:35:23.860-07:00  INFO 3916 --- [customerprofile-api] [restartedMain] o.s.c.c.c.ConfigServerConfigDataLoader   : Located environment: name=customerprofile-api, profiles=[sit], label=null, version=5fcece3ead4d5dc93b9d3488e9fbbd3252f4b10d, state=
2026-03-29T08:35:23.866-07:00  INFO 3916 --- [customerprofile-api] [restartedMain] .e.DevToolsPropertyDefaultsPostProcessor : Devtools property defaults active! Set 'spring.devtools.add-properties' to 'false' to disable
2026-03-29T08:35:23.866-07:00  INFO 3916 --- [customerprofile-api] [restartedMain] .e.DevToolsPropertyDefaultsPostProcessor : For additional web related logging consider setting the 'logging.level.web' property to 'DEBUG'
2026-03-29T08:35:26.548-07:00  INFO 3916 --- [customerprofile-api] [restartedMain] .s.d.r.c.RepositoryConfigurationDelegate : Bootstrapping Spring Data JPA repositories in DEFAULT mode.
2026-03-29T08:35:26.663-07:00  INFO 3916 --- [customerprofile-api] [restartedMain] .s.d.r.c.RepositoryConfigurationDelegate : Finished Spring Data repository scanning in 96 ms. Found 1 JPA repository interface.
2026-03-29T08:35:27.392-07:00  INFO 3916 --- [customerprofile-api] [restartedMain] o.s.cloud.context.scope.GenericScope     : BeanFactory id=1f25b4ae-fa0e-376d-a496-7a91d84d4dfe
2026-03-29T08:35:28.996-07:00  INFO 3916 --- [customerprofile-api] [restartedMain] o.s.boot.tomcat.TomcatWebServer          : Tomcat initialized with port 8085 (http)
2026-03-29T08:35:29.027-07:00  INFO 3916 --- [customerprofile-api] [restartedMain] o.apache.catalina.core.StandardService   : Starting service [Tomcat]
2026-03-29T08:35:29.029-07:00  INFO 3916 --- [customerprofile-api] [restartedMain] o.apache.catalina.core.StandardEngine    : Starting Servlet engine: [Apache Tomcat/11.0.20]
2026-03-29T08:35:29.151-07:00  INFO 3916 --- [customerprofile-api] [restartedMain] b.w.c.s.WebApplicationContextInitializer : Root WebApplicationContext: initialization completed in 5285 ms
2026-03-29T08:35:29.821-07:00  INFO 3916 --- [customerprofile-api] [restartedMain] com.zaxxer.hikari.HikariDataSource       : HikariPool-1 - Starting...
2026-03-29T08:35:30.266-07:00  INFO 3916 --- [customerprofile-api] [restartedMain] com.zaxxer.hikari.pool.HikariPool        : HikariPool-1 - Added connection org.postgresql.jdbc.PgConnection@617fcd11
2026-03-29T08:35:30.269-07:00  INFO 3916 --- [customerprofile-api] [restartedMain] com.zaxxer.hikari.HikariDataSource       : HikariPool-1 - Start completed.
2026-03-29T08:35:30.361-07:00  INFO 3916 --- [customerprofile-api] [restartedMain] org.hibernate.orm.jpa                    : HHH008540: Processing PersistenceUnitInfo [name: default]
2026-03-29T08:35:30.698-07:00  INFO 3916 --- [customerprofile-api] [restartedMain] org.hibernate.orm.core                   : HHH000001: Hibernate ORM core version 7.2.7.Final
2026-03-29T08:35:32.397-07:00  INFO 3916 --- [customerprofile-api] [restartedMain] o.s.o.j.p.SpringPersistenceUnitInfo      : No LoadTimeWeaver setup: ignoring JPA class transformer
2026-03-29T08:35:32.545-07:00  INFO 3916 --- [customerprofile-api] [restartedMain] org.hibernate.orm.connections.pooling    : HHH10001005: Database info:
	Database JDBC URL [jdbc:postgresql://localhost:5432/postgres]
	Database driver: PostgreSQL JDBC Driver
	Database dialect: PostgreSQLDialect
	Database version: 18.1
	Default catalog/schema: postgres/public
	Autocommit mode: undefined/unknown
	Isolation level: READ_COMMITTED [default READ_COMMITTED]
	JDBC fetch size: none
	Pool: DataSourceConnectionProvider
	Minimum pool size: undefined/unknown
	Maximum pool size: undefined/unknown
2026-03-29T08:35:34.084-07:00  INFO 3916 --- [customerprofile-api] [restartedMain] org.hibernate.orm.core                   : HHH000489: No JTA platform available (set 'hibernate.transaction.jta.platform' to enable JTA platform integration)
2026-03-29T08:35:34.095-07:00  INFO 3916 --- [customerprofile-api] [restartedMain] j.LocalContainerEntityManagerFactoryBean : Initialized JPA EntityManagerFactory for persistence unit 'default'
2026-03-29T08:35:34.260-07:00  INFO 3916 --- [customerprofile-api] [restartedMain] o.s.d.j.r.query.QueryEnhancerFactories   : Hibernate is in classpath; If applicable, HQL parser will be used.
2026-03-29T08:35:34.930-07:00  WARN 3916 --- [customerprofile-api] [restartedMain] JpaBaseConfiguration$JpaWebConfiguration : spring.jpa.open-in-view is enabled by default. Therefore, database queries may be performed during view rendering. Explicitly configure spring.jpa.open-in-view to disable this warning
2026-03-29T08:35:36.674-07:00  INFO 3916 --- [customerprofile-api] [restartedMain] o.s.b.a.e.web.EndpointLinksResolver      : Exposing 16 endpoints beneath base path '/actuator'
2026-03-29T08:35:36.875-07:00  INFO 3916 --- [customerprofile-api] [restartedMain] o.s.boot.tomcat.TomcatWebServer          : Tomcat started on port 8085 (http) with context path '/'
2026-03-29T08:35:36.906-07:00  INFO 3916 --- [customerprofile-api] [restartedMain] c.c.CustomerprofileApiApplication        : Started CustomerprofileApiApplication in 16.551 seconds (process running for 17.689)
2026-03-29T08:35:37.061-07:00  WARN 3916 --- [customerprofile-api] [restartedMain] o.s.core.events.SpringDocAppInitializer  : SpringDoc /v3/api-docs endpoint is enabled by default. To disable it in production, set the property 'springdoc.api-docs.enabled=false'
2026-03-29T08:35:37.061-07:00  WARN 3916 --- [customerprofile-api] [restartedMain] o.s.core.events.SpringDocAppInitializer  : SpringDoc /swagger-ui.html endpoint is enabled by default. To disable it in production, set the property 'springdoc.swagger-ui.enabled=false'
2026-03-29T08:35:49.578-07:00  INFO 3916 --- [customerprofile-api] [http-nio-8085-exec-1] o.a.c.c.C.[Tomcat].[localhost].[/]       : Initializing Spring DispatcherServlet 'dispatcherServlet'
2026-03-29T08:35:49.578-07:00  INFO 3916 --- [customerprofile-api] [http-nio-8085-exec-1] o.s.web.servlet.DispatcherServlet        : Initializing Servlet 'dispatcherServlet'
2026-03-29T08:35:49.581-07:00  INFO 3916 --- [customerprofile-api] [http-nio-8085-exec-1] o.s.web.servlet.DispatcherServlet        : Completed initialization in 3 ms
2026-03-29T08:59:57.986-07:00  INFO 3540 --- [customerprofile-api] [restartedMain] c.c.CustomerprofileApiApplication        : Starting CustomerprofileApiApplication using Java 21.0.2 with PID 3540 (C:\Users\vinum\Documents\GitProjects\customerprofile-api\build\classes\java\main started by vinum in C:\Users\vinum\Documents\GitProjects\customerprofile-api)
2026-03-29T08:59:57.991-07:00 DEBUG 3540 --- [customerprofile-api] [restartedMain] c.c.CustomerprofileApiApplication        : Running with Spring Boot v4.0.5, Spring v7.0.6
2026-03-29T08:59:57.992-07:00  INFO 3540 --- [customerprofile-api] [restartedMain] c.c.CustomerprofileApiApplication        : The following 1 profile is active: "sit"
2026-03-29T08:59:58.077-07:00  INFO 3540 --- [customerprofile-api] [restartedMain] o.s.c.c.c.ConfigServerConfigDataLoader   : Fetching config from server at : http://localhost:9090
2026-03-29T08:59:58.079-07:00  INFO 3540 --- [customerprofile-api] [restartedMain] o.s.c.c.c.ConfigServerConfigDataLoader   : Located environment: name=customerprofile-api, profiles=[default], label=null, version=5fcece3ead4d5dc93b9d3488e9fbbd3252f4b10d, state=
2026-03-29T08:59:58.079-07:00  INFO 3540 --- [customerprofile-api] [restartedMain] o.s.c.c.c.ConfigServerConfigDataLoader   : Fetching config from server at : http://localhost:9090
2026-03-29T08:59:58.080-07:00  INFO 3540 --- [customerprofile-api] [restartedMain] o.s.c.c.c.ConfigServerConfigDataLoader   : Located environment: name=customerprofile-api, profiles=[sit], label=null, version=5fcece3ead4d5dc93b9d3488e9fbbd3252f4b10d, state=
2026-03-29T08:59:58.083-07:00  INFO 3540 --- [customerprofile-api] [restartedMain] .e.DevToolsPropertyDefaultsPostProcessor : Devtools property defaults active! Set 'spring.devtools.add-properties' to 'false' to disable
2026-03-29T08:59:58.083-07:00  INFO 3540 --- [customerprofile-api] [restartedMain] .e.DevToolsPropertyDefaultsPostProcessor : For additional web related logging consider setting the 'logging.level.web' property to 'DEBUG'
2026-03-29T08:59:59.944-07:00  INFO 3540 --- [customerprofile-api] [restartedMain] .s.d.r.c.RepositoryConfigurationDelegate : Bootstrapping Spring Data JPA repositories in DEFAULT mode.
2026-03-29T09:00:00.196-07:00  INFO 3540 --- [customerprofile-api] [restartedMain] .s.d.r.c.RepositoryConfigurationDelegate : Finished Spring Data repository scanning in 199 ms. Found 1 JPA repository interface.
2026-03-29T09:00:00.719-07:00  INFO 3540 --- [customerprofile-api] [restartedMain] o.s.cloud.context.scope.GenericScope     : BeanFactory id=1f25b4ae-fa0e-376d-a496-7a91d84d4dfe
2026-03-29T09:00:01.617-07:00  INFO 3540 --- [customerprofile-api] [restartedMain] o.s.boot.tomcat.TomcatWebServer          : Tomcat initialized with port 8085 (http)
2026-03-29T09:00:01.637-07:00  INFO 3540 --- [customerprofile-api] [restartedMain] o.apache.catalina.core.StandardService   : Starting service [Tomcat]
2026-03-29T09:00:01.639-07:00  INFO 3540 --- [customerprofile-api] [restartedMain] o.apache.catalina.core.StandardEngine    : Starting Servlet engine: [Apache Tomcat/11.0.20]
2026-03-29T09:00:01.713-07:00  INFO 3540 --- [customerprofile-api] [restartedMain] b.w.c.s.WebApplicationContextInitializer : Root WebApplicationContext: initialization completed in 3629 ms
2026-03-29T09:00:02.174-07:00  INFO 3540 --- [customerprofile-api] [restartedMain] com.zaxxer.hikari.HikariDataSource       : HikariPool-1 - Starting...
2026-03-29T09:00:02.559-07:00  INFO 3540 --- [customerprofile-api] [restartedMain] com.zaxxer.hikari.pool.HikariPool        : HikariPool-1 - Added connection org.postgresql.jdbc.PgConnection@63459534
2026-03-29T09:00:02.563-07:00  INFO 3540 --- [customerprofile-api] [restartedMain] com.zaxxer.hikari.HikariDataSource       : HikariPool-1 - Start completed.
2026-03-29T09:00:02.642-07:00  INFO 3540 --- [customerprofile-api] [restartedMain] org.hibernate.orm.jpa                    : HHH008540: Processing PersistenceUnitInfo [name: default]
2026-03-29T09:00:02.765-07:00  INFO 3540 --- [customerprofile-api] [restartedMain] org.hibernate.orm.core                   : HHH000001: Hibernate ORM core version 7.2.7.Final
2026-03-29T09:00:03.672-07:00  INFO 3540 --- [customerprofile-api] [restartedMain] o.s.o.j.p.SpringPersistenceUnitInfo      : No LoadTimeWeaver setup: ignoring JPA class transformer
2026-03-29T09:00:03.824-07:00  INFO 3540 --- [customerprofile-api] [restartedMain] org.hibernate.orm.connections.pooling    : HHH10001005: Database info:
	Database JDBC URL [jdbc:postgresql://localhost:5432/postgres]
	Database driver: PostgreSQL JDBC Driver
	Database dialect: PostgreSQLDialect
	Database version: 18.1
	Default catalog/schema: postgres/public
	Autocommit mode: undefined/unknown
	Isolation level: READ_COMMITTED [default READ_COMMITTED]
	JDBC fetch size: none
	Pool: DataSourceConnectionProvider
	Minimum pool size: undefined/unknown
	Maximum pool size: undefined/unknown
2026-03-29T09:00:04.967-07:00  INFO 3540 --- [customerprofile-api] [restartedMain] org.hibernate.orm.core                   : HHH000489: No JTA platform available (set 'hibernate.transaction.jta.platform' to enable JTA platform integration)
2026-03-29T09:00:04.975-07:00  INFO 3540 --- [customerprofile-api] [restartedMain] j.LocalContainerEntityManagerFactoryBean : Initialized JPA EntityManagerFactory for persistence unit 'default'
2026-03-29T09:00:05.117-07:00  INFO 3540 --- [customerprofile-api] [restartedMain] o.s.d.j.r.query.QueryEnhancerFactories   : Hibernate is in classpath; If applicable, HQL parser will be used.
2026-03-29T09:00:05.598-07:00  WARN 3540 --- [customerprofile-api] [restartedMain] JpaBaseConfiguration$JpaWebConfiguration : spring.jpa.open-in-view is enabled by default. Therefore, database queries may be performed during view rendering. Explicitly configure spring.jpa.open-in-view to disable this warning
2026-03-29T09:00:06.834-07:00  INFO 3540 --- [customerprofile-api] [restartedMain] o.s.b.a.e.web.EndpointLinksResolver      : Exposing 16 endpoints beneath base path '/actuator'
2026-03-29T09:00:06.959-07:00  INFO 3540 --- [customerprofile-api] [restartedMain] o.s.boot.tomcat.TomcatWebServer          : Tomcat started on port 8085 (http) with context path '/'
2026-03-29T09:00:06.980-07:00  INFO 3540 --- [customerprofile-api] [restartedMain] c.c.CustomerprofileApiApplication        : Started CustomerprofileApiApplication in 12.056 seconds (process running for 13.113)
2026-03-29T09:00:07.110-07:00  WARN 3540 --- [customerprofile-api] [restartedMain] o.s.core.events.SpringDocAppInitializer  : SpringDoc /v3/api-docs endpoint is enabled by default. To disable it in production, set the property 'springdoc.api-docs.enabled=false'
2026-03-29T09:00:07.111-07:00  WARN 3540 --- [customerprofile-api] [restartedMain] o.s.core.events.SpringDocAppInitializer  : SpringDoc /swagger-ui.html endpoint is enabled by default. To disable it in production, set the property 'springdoc.swagger-ui.enabled=false'
2026-03-29T09:00:09.125-07:00  INFO 3540 --- [customerprofile-api] [http-nio-8085-exec-1] o.a.c.c.C.[Tomcat].[localhost].[/]       : Initializing Spring DispatcherServlet 'dispatcherServlet'
2026-03-29T09:00:09.126-07:00  INFO 3540 --- [customerprofile-api] [http-nio-8085-exec-1] o.s.web.servlet.DispatcherServlet        : Initializing Servlet 'dispatcherServlet'
2026-03-29T09:00:09.127-07:00  INFO 3540 --- [customerprofile-api] [http-nio-8085-exec-1] o.s.web.servlet.DispatcherServlet        : Completed initialization in 1 ms
2026-03-29T09:00:10.055-07:00  INFO 3540 --- [customerprofile-api] [http-nio-8085-exec-2] o.springdoc.api.AbstractOpenApiResource  : Init duration for springdoc-openapi is: 464 ms
2026-03-29T09:01:27.508-07:00  INFO 4304 --- [customerprofile-api] [restartedMain] c.c.CustomerprofileApiApplication        : Starting CustomerprofileApiApplication using Java 21.0.2 with PID 4304 (C:\Users\vinum\Documents\GitProjects\customerprofile-api\build\classes\java\main started by vinum in C:\Users\vinum\Documents\GitProjects\customerprofile-api)
2026-03-29T09:01:27.513-07:00 DEBUG 4304 --- [customerprofile-api] [restartedMain] c.c.CustomerprofileApiApplication        : Running with Spring Boot v4.0.5, Spring v7.0.6
2026-03-29T09:01:27.514-07:00  INFO 4304 --- [customerprofile-api] [restartedMain] c.c.CustomerprofileApiApplication        : The following 1 profile is active: "sit"
2026-03-29T09:01:27.608-07:00  INFO 4304 --- [customerprofile-api] [restartedMain] o.s.c.c.c.ConfigServerConfigDataLoader   : Fetching config from server at : http://localhost:9090
2026-03-29T09:01:27.609-07:00  INFO 4304 --- [customerprofile-api] [restartedMain] o.s.c.c.c.ConfigServerConfigDataLoader   : Located environment: name=customerprofile-api, profiles=[default], label=null, version=5fcece3ead4d5dc93b9d3488e9fbbd3252f4b10d, state=
2026-03-29T09:01:27.611-07:00  INFO 4304 --- [customerprofile-api] [restartedMain] o.s.c.c.c.ConfigServerConfigDataLoader   : Fetching config from server at : http://localhost:9090
2026-03-29T09:01:27.612-07:00  INFO 4304 --- [customerprofile-api] [restartedMain] o.s.c.c.c.ConfigServerConfigDataLoader   : Located environment: name=customerprofile-api, profiles=[sit], label=null, version=5fcece3ead4d5dc93b9d3488e9fbbd3252f4b10d, state=
2026-03-29T09:01:27.618-07:00  INFO 4304 --- [customerprofile-api] [restartedMain] .e.DevToolsPropertyDefaultsPostProcessor : Devtools property defaults active! Set 'spring.devtools.add-properties' to 'false' to disable
2026-03-29T09:01:27.619-07:00  INFO 4304 --- [customerprofile-api] [restartedMain] .e.DevToolsPropertyDefaultsPostProcessor : For additional web related logging consider setting the 'logging.level.web' property to 'DEBUG'
2026-03-29T09:01:29.431-07:00  INFO 4304 --- [customerprofile-api] [restartedMain] .s.d.r.c.RepositoryConfigurationDelegate : Bootstrapping Spring Data JPA repositories in DEFAULT mode.
2026-03-29T09:01:29.522-07:00  INFO 4304 --- [customerprofile-api] [restartedMain] .s.d.r.c.RepositoryConfigurationDelegate : Finished Spring Data repository scanning in 75 ms. Found 1 JPA repository interface.
2026-03-29T09:01:29.937-07:00  INFO 4304 --- [customerprofile-api] [restartedMain] o.s.cloud.context.scope.GenericScope     : BeanFactory id=1f25b4ae-fa0e-376d-a496-7a91d84d4dfe
2026-03-29T09:01:30.942-07:00  INFO 4304 --- [customerprofile-api] [restartedMain] o.s.boot.tomcat.TomcatWebServer          : Tomcat initialized with port 8085 (http)
2026-03-29T09:01:30.976-07:00  INFO 4304 --- [customerprofile-api] [restartedMain] o.apache.catalina.core.StandardService   : Starting service [Tomcat]
2026-03-29T09:01:30.977-07:00  INFO 4304 --- [customerprofile-api] [restartedMain] o.apache.catalina.core.StandardEngine    : Starting Servlet engine: [Apache Tomcat/11.0.20]
2026-03-29T09:01:31.098-07:00  INFO 4304 --- [customerprofile-api] [restartedMain] b.w.c.s.WebApplicationContextInitializer : Root WebApplicationContext: initialization completed in 3476 ms
2026-03-29T09:01:31.522-07:00  INFO 4304 --- [customerprofile-api] [restartedMain] com.zaxxer.hikari.HikariDataSource       : HikariPool-1 - Starting...
2026-03-29T09:01:31.767-07:00  INFO 4304 --- [customerprofile-api] [restartedMain] com.zaxxer.hikari.pool.HikariPool        : HikariPool-1 - Added connection org.postgresql.jdbc.PgConnection@6673e0df
2026-03-29T09:01:31.770-07:00  INFO 4304 --- [customerprofile-api] [restartedMain] com.zaxxer.hikari.HikariDataSource       : HikariPool-1 - Start completed.
2026-03-29T09:01:31.843-07:00  INFO 4304 --- [customerprofile-api] [restartedMain] org.hibernate.orm.jpa                    : HHH008540: Processing PersistenceUnitInfo [name: default]
2026-03-29T09:01:31.971-07:00  INFO 4304 --- [customerprofile-api] [restartedMain] org.hibernate.orm.core                   : HHH000001: Hibernate ORM core version 7.2.7.Final
2026-03-29T09:01:32.917-07:00  INFO 4304 --- [customerprofile-api] [restartedMain] o.s.o.j.p.SpringPersistenceUnitInfo      : No LoadTimeWeaver setup: ignoring JPA class transformer
2026-03-29T09:01:33.030-07:00  INFO 4304 --- [customerprofile-api] [restartedMain] org.hibernate.orm.connections.pooling    : HHH10001005: Database info:
	Database JDBC URL [jdbc:postgresql://localhost:5432/postgres]
	Database driver: PostgreSQL JDBC Driver
	Database dialect: PostgreSQLDialect
	Database version: 18.1
	Default catalog/schema: postgres/public
	Autocommit mode: undefined/unknown
	Isolation level: READ_COMMITTED [default READ_COMMITTED]
	JDBC fetch size: none
	Pool: DataSourceConnectionProvider
	Minimum pool size: undefined/unknown
	Maximum pool size: undefined/unknown
2026-03-29T09:01:34.109-07:00  INFO 4304 --- [customerprofile-api] [restartedMain] org.hibernate.orm.core                   : HHH000489: No JTA platform available (set 'hibernate.transaction.jta.platform' to enable JTA platform integration)
2026-03-29T09:01:34.118-07:00  INFO 4304 --- [customerprofile-api] [restartedMain] j.LocalContainerEntityManagerFactoryBean : Initialized JPA EntityManagerFactory for persistence unit 'default'
2026-03-29T09:01:34.234-07:00  INFO 4304 --- [customerprofile-api] [restartedMain] o.s.d.j.r.query.QueryEnhancerFactories   : Hibernate is in classpath; If applicable, HQL parser will be used.
2026-03-29T09:01:34.638-07:00  WARN 4304 --- [customerprofile-api] [restartedMain] JpaBaseConfiguration$JpaWebConfiguration : spring.jpa.open-in-view is enabled by default. Therefore, database queries may be performed during view rendering. Explicitly configure spring.jpa.open-in-view to disable this warning
2026-03-29T09:01:35.915-07:00  INFO 4304 --- [customerprofile-api] [restartedMain] o.s.b.a.e.web.EndpointLinksResolver      : Exposing 16 endpoints beneath base path '/actuator'
2026-03-29T09:01:36.086-07:00  INFO 4304 --- [customerprofile-api] [restartedMain] o.s.boot.tomcat.TomcatWebServer          : Tomcat started on port 8085 (http) with context path '/'
2026-03-29T09:01:36.114-07:00  INFO 4304 --- [customerprofile-api] [restartedMain] c.c.CustomerprofileApiApplication        : Started CustomerprofileApiApplication in 11.492 seconds (process running for 12.691)
2026-03-29T09:01:36.272-07:00  WARN 4304 --- [customerprofile-api] [restartedMain] o.s.core.events.SpringDocAppInitializer  : SpringDoc /v3/api-docs endpoint is enabled by default. To disable it in production, set the property 'springdoc.api-docs.enabled=false'
2026-03-29T09:01:36.273-07:00  WARN 4304 --- [customerprofile-api] [restartedMain] o.s.core.events.SpringDocAppInitializer  : SpringDoc /swagger-ui.html endpoint is enabled by default. To disable it in production, set the property 'springdoc.swagger-ui.enabled=false'
2026-03-29T09:01:38.306-07:00  INFO 4304 --- [customerprofile-api] [http-nio-8085-exec-1] o.a.c.c.C.[Tomcat].[localhost].[/]       : Initializing Spring DispatcherServlet 'dispatcherServlet'
2026-03-29T09:01:38.307-07:00  INFO 4304 --- [customerprofile-api] [http-nio-8085-exec-1] o.s.web.servlet.DispatcherServlet        : Initializing Servlet 'dispatcherServlet'
2026-03-29T09:01:38.309-07:00  INFO 4304 --- [customerprofile-api] [http-nio-8085-exec-1] o.s.web.servlet.DispatcherServlet        : Completed initialization in 2 ms
2026-03-29T09:01:39.102-07:00  INFO 4304 --- [customerprofile-api] [http-nio-8085-exec-4] o.springdoc.api.AbstractOpenApiResource  : Init duration for springdoc-openapi is: 450 ms
2026-03-29T09:02:12.203-07:00  WARN 4304 --- [customerprofile-api] [http-nio-8085-exec-5] org.hibernate.orm.jdbc.error             : HHH000247: ErrorCode: 0, SQLState: 23505
2026-03-29T09:02:12.203-07:00  WARN 4304 --- [customerprofile-api] [http-nio-8085-exec-5] org.hibernate.orm.jdbc.error             : ERROR: duplicate key value violates unique constraint "customerprofile_pkey"
  Detail: Key (customer_id)=(1) already exists.
2026-03-29T09:02:12.238-07:00  WARN 4304 --- [customerprofile-api] [http-nio-8085-exec-5] .m.m.a.ExceptionHandlerExceptionResolver : Resolved [org.springframework.dao.DataIntegrityViolationException: could not execute statement [ERROR: duplicate key value violates unique constraint "customerprofile_pkey"<EOL>  Detail: Key (customer_id)=(1) already exists.] [insert into customerprofile (address_line1,address_line2,city,country,email,first_name,last_name,phone,postal_code,state) values (?,?,?,?,?,?,?,?,?,?)]; SQL [insert into customerprofile (address_line1,address_line2,city,country,email,first_name,last_name,phone,postal_code,state) values (?,?,?,?,?,?,?,?,?,?)]; constraint [customerprofile_pkey]]
2026-03-29T09:03:44.888-07:00  INFO 11068 --- [customerprofile-api] [restartedMain] c.c.CustomerprofileApiApplication        : Starting CustomerprofileApiApplication using Java 21.0.2 with PID 11068 (C:\Users\vinum\Documents\GitProjects\customerprofile-api\build\classes\java\main started by vinum in C:\Users\vinum\Documents\GitProjects\customerprofile-api)
2026-03-29T09:03:44.892-07:00 DEBUG 11068 --- [customerprofile-api] [restartedMain] c.c.CustomerprofileApiApplication        : Running with Spring Boot v4.0.5, Spring v7.0.6
2026-03-29T09:03:44.893-07:00  INFO 11068 --- [customerprofile-api] [restartedMain] c.c.CustomerprofileApiApplication        : The following 1 profile is active: "sit"
2026-03-29T09:03:44.968-07:00  INFO 11068 --- [customerprofile-api] [restartedMain] o.s.c.c.c.ConfigServerConfigDataLoader   : Fetching config from server at : http://localhost:9090
2026-03-29T09:03:44.969-07:00  INFO 11068 --- [customerprofile-api] [restartedMain] o.s.c.c.c.ConfigServerConfigDataLoader   : Located environment: name=customerprofile-api, profiles=[default], label=null, version=5fcece3ead4d5dc93b9d3488e9fbbd3252f4b10d, state=
2026-03-29T09:03:44.970-07:00  INFO 11068 --- [customerprofile-api] [restartedMain] o.s.c.c.c.ConfigServerConfigDataLoader   : Fetching config from server at : http://localhost:9090
2026-03-29T09:03:44.970-07:00  INFO 11068 --- [customerprofile-api] [restartedMain] o.s.c.c.c.ConfigServerConfigDataLoader   : Located environment: name=customerprofile-api, profiles=[sit], label=null, version=5fcece3ead4d5dc93b9d3488e9fbbd3252f4b10d, state=
2026-03-29T09:03:44.973-07:00  INFO 11068 --- [customerprofile-api] [restartedMain] .e.DevToolsPropertyDefaultsPostProcessor : Devtools property defaults active! Set 'spring.devtools.add-properties' to 'false' to disable
2026-03-29T09:03:44.973-07:00  INFO 11068 --- [customerprofile-api] [restartedMain] .e.DevToolsPropertyDefaultsPostProcessor : For additional web related logging consider setting the 'logging.level.web' property to 'DEBUG'
2026-03-29T09:03:46.890-07:00  INFO 11068 --- [customerprofile-api] [restartedMain] .s.d.r.c.RepositoryConfigurationDelegate : Bootstrapping Spring Data JPA repositories in DEFAULT mode.
2026-03-29T09:03:46.991-07:00  INFO 11068 --- [customerprofile-api] [restartedMain] .s.d.r.c.RepositoryConfigurationDelegate : Finished Spring Data repository scanning in 84 ms. Found 1 JPA repository interface.
2026-03-29T09:03:47.440-07:00  INFO 11068 --- [customerprofile-api] [restartedMain] o.s.cloud.context.scope.GenericScope     : BeanFactory id=1f25b4ae-fa0e-376d-a496-7a91d84d4dfe
2026-03-29T09:03:48.480-07:00  INFO 11068 --- [customerprofile-api] [restartedMain] o.s.boot.tomcat.TomcatWebServer          : Tomcat initialized with port 8085 (http)
2026-03-29T09:03:48.506-07:00  INFO 11068 --- [customerprofile-api] [restartedMain] o.apache.catalina.core.StandardService   : Starting service [Tomcat]
2026-03-29T09:03:48.506-07:00  INFO 11068 --- [customerprofile-api] [restartedMain] o.apache.catalina.core.StandardEngine    : Starting Servlet engine: [Apache Tomcat/11.0.20]
2026-03-29T09:03:48.617-07:00  INFO 11068 --- [customerprofile-api] [restartedMain] b.w.c.s.WebApplicationContextInitializer : Root WebApplicationContext: initialization completed in 3643 ms
2026-03-29T09:03:49.113-07:00  INFO 11068 --- [customerprofile-api] [restartedMain] com.zaxxer.hikari.HikariDataSource       : HikariPool-1 - Starting...
2026-03-29T09:03:49.347-07:00  INFO 11068 --- [customerprofile-api] [restartedMain] com.zaxxer.hikari.pool.HikariPool        : HikariPool-1 - Added connection org.postgresql.jdbc.PgConnection@1b5ebdaf
2026-03-29T09:03:49.349-07:00  INFO 11068 --- [customerprofile-api] [restartedMain] com.zaxxer.hikari.HikariDataSource       : HikariPool-1 - Start completed.
2026-03-29T09:03:49.414-07:00  INFO 11068 --- [customerprofile-api] [restartedMain] org.hibernate.orm.jpa                    : HHH008540: Processing PersistenceUnitInfo [name: default]
2026-03-29T09:03:49.541-07:00  INFO 11068 --- [customerprofile-api] [restartedMain] org.hibernate.orm.core                   : HHH000001: Hibernate ORM core version 7.2.7.Final
2026-03-29T09:03:50.627-07:00  INFO 11068 --- [customerprofile-api] [restartedMain] o.s.o.j.p.SpringPersistenceUnitInfo      : No LoadTimeWeaver setup: ignoring JPA class transformer
2026-03-29T09:03:50.968-07:00  INFO 11068 --- [customerprofile-api] [restartedMain] org.hibernate.orm.connections.pooling    : HHH10001005: Database info:
	Database JDBC URL [jdbc:postgresql://localhost:5432/postgres]
	Database driver: PostgreSQL JDBC Driver
	Database dialect: PostgreSQLDialect
	Database version: 18.1
	Default catalog/schema: postgres/public
	Autocommit mode: undefined/unknown
	Isolation level: READ_COMMITTED [default READ_COMMITTED]
	JDBC fetch size: none
	Pool: DataSourceConnectionProvider
	Minimum pool size: undefined/unknown
	Maximum pool size: undefined/unknown
2026-03-29T09:03:52.256-07:00  INFO 11068 --- [customerprofile-api] [restartedMain] org.hibernate.orm.core                   : HHH000489: No JTA platform available (set 'hibernate.transaction.jta.platform' to enable JTA platform integration)
2026-03-29T09:03:52.270-07:00  INFO 11068 --- [customerprofile-api] [restartedMain] j.LocalContainerEntityManagerFactoryBean : Initialized JPA EntityManagerFactory for persistence unit 'default'
2026-03-29T09:03:52.421-07:00  INFO 11068 --- [customerprofile-api] [restartedMain] o.s.d.j.r.query.QueryEnhancerFactories   : Hibernate is in classpath; If applicable, HQL parser will be used.
2026-03-29T09:03:53.059-07:00  WARN 11068 --- [customerprofile-api] [restartedMain] JpaBaseConfiguration$JpaWebConfiguration : spring.jpa.open-in-view is enabled by default. Therefore, database queries may be performed during view rendering. Explicitly configure spring.jpa.open-in-view to disable this warning
2026-03-29T09:03:54.595-07:00  INFO 11068 --- [customerprofile-api] [restartedMain] o.s.b.a.e.web.EndpointLinksResolver      : Exposing 16 endpoints beneath base path '/actuator'
2026-03-29T09:03:54.773-07:00  INFO 11068 --- [customerprofile-api] [restartedMain] o.s.boot.tomcat.TomcatWebServer          : Tomcat started on port 8085 (http) with context path '/'
2026-03-29T09:03:54.806-07:00  INFO 11068 --- [customerprofile-api] [restartedMain] c.c.CustomerprofileApiApplication        : Started CustomerprofileApiApplication in 13.916 seconds (process running for 14.958)
2026-03-29T09:03:54.891-07:00  INFO 11068 --- [customerprofile-api] [http-nio-8085-exec-1] o.a.c.c.C.[Tomcat].[localhost].[/]       : Initializing Spring DispatcherServlet 'dispatcherServlet'
2026-03-29T09:03:54.892-07:00  INFO 11068 --- [customerprofile-api] [http-nio-8085-exec-1] o.s.web.servlet.DispatcherServlet        : Initializing Servlet 'dispatcherServlet'
2026-03-29T09:03:54.896-07:00  INFO 11068 --- [customerprofile-api] [http-nio-8085-exec-1] o.s.web.servlet.DispatcherServlet        : Completed initialization in 4 ms
2026-03-29T09:03:54.965-07:00  WARN 11068 --- [customerprofile-api] [restartedMain] o.s.core.events.SpringDocAppInitializer  : SpringDoc /v3/api-docs endpoint is enabled by default. To disable it in production, set the property 'springdoc.api-docs.enabled=false'
2026-03-29T09:03:54.966-07:00  WARN 11068 --- [customerprofile-api] [restartedMain] o.s.core.events.SpringDocAppInitializer  : SpringDoc /swagger-ui.html endpoint is enabled by default. To disable it in production, set the property 'springdoc.swagger-ui.enabled=false'
2026-03-29T09:03:56.436-07:00  INFO 11068 --- [customerprofile-api] [http-nio-8085-exec-4] o.springdoc.api.AbstractOpenApiResource  : Init duration for springdoc-openapi is: 823 ms
2026-03-29T09:04:01.617-07:00  WARN 11068 --- [customerprofile-api] [http-nio-8085-exec-5] org.hibernate.orm.jdbc.error             : HHH000247: ErrorCode: 0, SQLState: 23505
2026-03-29T09:04:01.617-07:00  WARN 11068 --- [customerprofile-api] [http-nio-8085-exec-5] org.hibernate.orm.jdbc.error             : ERROR: duplicate key value violates unique constraint "customerprofile_pkey"
  Detail: Key (customer_id)=(2) already exists.
2026-03-29T09:04:01.656-07:00  WARN 11068 --- [customerprofile-api] [http-nio-8085-exec-5] .m.m.a.ExceptionHandlerExceptionResolver : Resolved [com.customerprofile.exception.CustomerProfileNotFoundException: Error creating customer profile: Database constraint violation. Please check if the record already exists or contact your database administrator.]
2026-03-29T09:05:16.868-07:00  WARN 11068 --- [customerprofile-api] [http-nio-8085-exec-10] org.hibernate.orm.jdbc.error             : HHH000247: ErrorCode: 0, SQLState: 23505
2026-03-29T09:05:16.868-07:00  WARN 11068 --- [customerprofile-api] [http-nio-8085-exec-10] org.hibernate.orm.jdbc.error             : ERROR: duplicate key value violates unique constraint "customerprofile_email_key"
  Detail: Key (email)=(string) already exists.
2026-03-29T09:05:16.872-07:00  WARN 11068 --- [customerprofile-api] [http-nio-8085-exec-10] .m.m.a.ExceptionHandlerExceptionResolver : Resolved [com.customerprofile.exception.CustomerProfileNotFoundException: Error creating customer profile: Database constraint violation. Please check if the record already exists or contact your database administrator.]
2026-03-29T09:05:22.156-07:00  WARN 11068 --- [customerprofile-api] [http-nio-8085-exec-1] org.hibernate.orm.jdbc.error             : HHH000247: ErrorCode: 0, SQLState: 23505
2026-03-29T09:05:22.157-07:00  WARN 11068 --- [customerprofile-api] [http-nio-8085-exec-1] org.hibernate.orm.jdbc.error             : ERROR: duplicate key value violates unique constraint "customerprofile_email_key"
  Detail: Key (email)=(string) already exists.
2026-03-29T09:05:22.161-07:00  WARN 11068 --- [customerprofile-api] [http-nio-8085-exec-1] .m.m.a.ExceptionHandlerExceptionResolver : Resolved [com.customerprofile.exception.CustomerProfileNotFoundException: Error creating customer profile: Database constraint violation. Please check if the record already exists or contact your database administrator.]
2026-03-29T09:05:24.761-07:00  WARN 11068 --- [customerprofile-api] [http-nio-8085-exec-2] org.hibernate.orm.jdbc.error             : HHH000247: ErrorCode: 0, SQLState: 23505
2026-03-29T09:05:24.761-07:00  WARN 11068 --- [customerprofile-api] [http-nio-8085-exec-2] org.hibernate.orm.jdbc.error             : ERROR: duplicate key value violates unique constraint "customerprofile_email_key"
  Detail: Key (email)=(string) already exists.
2026-03-29T09:05:24.764-07:00  WARN 11068 --- [customerprofile-api] [http-nio-8085-exec-2] .m.m.a.ExceptionHandlerExceptionResolver : Resolved [com.customerprofile.exception.CustomerProfileNotFoundException: Error creating customer profile: Database constraint violation. Please check if the record already exists or contact your database administrator.]
2026-03-29T09:05:48.750-07:00  WARN 11068 --- [customerprofile-api] [http-nio-8085-exec-3] org.hibernate.orm.jdbc.error             : HHH000247: ErrorCode: 0, SQLState: 23505
2026-03-29T09:05:48.750-07:00  WARN 11068 --- [customerprofile-api] [http-nio-8085-exec-3] org.hibernate.orm.jdbc.error             : ERROR: duplicate key value violates unique constraint "customerprofile_email_key"
  Detail: Key (email)=(string) already exists.
2026-03-29T09:05:48.753-07:00  WARN 11068 --- [customerprofile-api] [http-nio-8085-exec-3] .m.m.a.ExceptionHandlerExceptionResolver : Resolved [com.customerprofile.exception.CustomerProfileNotFoundException: Error creating customer profile: Database constraint violation. Please check if the record already exists or contact your database administrator.]
2026-03-29T09:07:29.194-07:00  INFO 22164 --- [customerprofile-api] [restartedMain] c.c.CustomerprofileApiApplication        : Starting CustomerprofileApiApplication using Java 21.0.2 with PID 22164 (C:\Users\vinum\Documents\GitProjects\customerprofile-api\build\classes\java\main started by vinum in C:\Users\vinum\Documents\GitProjects\customerprofile-api)
2026-03-29T09:07:29.198-07:00 DEBUG 22164 --- [customerprofile-api] [restartedMain] c.c.CustomerprofileApiApplication        : Running with Spring Boot v4.0.5, Spring v7.0.6
2026-03-29T09:07:29.200-07:00  INFO 22164 --- [customerprofile-api] [restartedMain] c.c.CustomerprofileApiApplication        : The following 1 profile is active: "sit"
2026-03-29T09:07:29.278-07:00  INFO 22164 --- [customerprofile-api] [restartedMain] o.s.c.c.c.ConfigServerConfigDataLoader   : Fetching config from server at : http://localhost:9090
2026-03-29T09:07:29.278-07:00  INFO 22164 --- [customerprofile-api] [restartedMain] o.s.c.c.c.ConfigServerConfigDataLoader   : Located environment: name=customerprofile-api, profiles=[default], label=null, version=5fcece3ead4d5dc93b9d3488e9fbbd3252f4b10d, state=
2026-03-29T09:07:29.279-07:00  INFO 22164 --- [customerprofile-api] [restartedMain] o.s.c.c.c.ConfigServerConfigDataLoader   : Fetching config from server at : http://localhost:9090
2026-03-29T09:07:29.279-07:00  INFO 22164 --- [customerprofile-api] [restartedMain] o.s.c.c.c.ConfigServerConfigDataLoader   : Located environment: name=customerprofile-api, profiles=[sit], label=null, version=5fcece3ead4d5dc93b9d3488e9fbbd3252f4b10d, state=
2026-03-29T09:07:29.284-07:00  INFO 22164 --- [customerprofile-api] [restartedMain] .e.DevToolsPropertyDefaultsPostProcessor : Devtools property defaults active! Set 'spring.devtools.add-properties' to 'false' to disable
2026-03-29T09:07:29.284-07:00  INFO 22164 --- [customerprofile-api] [restartedMain] .e.DevToolsPropertyDefaultsPostProcessor : For additional web related logging consider setting the 'logging.level.web' property to 'DEBUG'
2026-03-29T09:07:31.032-07:00  INFO 22164 --- [customerprofile-api] [restartedMain] .s.d.r.c.RepositoryConfigurationDelegate : Bootstrapping Spring Data JPA repositories in DEFAULT mode.
2026-03-29T09:07:31.128-07:00  INFO 22164 --- [customerprofile-api] [restartedMain] .s.d.r.c.RepositoryConfigurationDelegate : Finished Spring Data repository scanning in 71 ms. Found 1 JPA repository interface.
2026-03-29T09:07:31.631-07:00  INFO 22164 --- [customerprofile-api] [restartedMain] o.s.cloud.context.scope.GenericScope     : BeanFactory id=1f25b4ae-fa0e-376d-a496-7a91d84d4dfe
2026-03-29T09:07:32.411-07:00  INFO 22164 --- [customerprofile-api] [restartedMain] o.s.boot.tomcat.TomcatWebServer          : Tomcat initialized with port 8085 (http)
2026-03-29T09:07:32.435-07:00  INFO 22164 --- [customerprofile-api] [restartedMain] o.apache.catalina.core.StandardService   : Starting service [Tomcat]
2026-03-29T09:07:32.435-07:00  INFO 22164 --- [customerprofile-api] [restartedMain] o.apache.catalina.core.StandardEngine    : Starting Servlet engine: [Apache Tomcat/11.0.20]
2026-03-29T09:07:32.532-07:00  INFO 22164 --- [customerprofile-api] [restartedMain] b.w.c.s.WebApplicationContextInitializer : Root WebApplicationContext: initialization completed in 3247 ms
2026-03-29T09:07:32.956-07:00  INFO 22164 --- [customerprofile-api] [restartedMain] com.zaxxer.hikari.HikariDataSource       : HikariPool-1 - Starting...
2026-03-29T09:07:33.269-07:00  INFO 22164 --- [customerprofile-api] [restartedMain] com.zaxxer.hikari.pool.HikariPool        : HikariPool-1 - Added connection org.postgresql.jdbc.PgConnection@7c3b73da
2026-03-29T09:07:33.273-07:00  INFO 22164 --- [customerprofile-api] [restartedMain] com.zaxxer.hikari.HikariDataSource       : HikariPool-1 - Start completed.
2026-03-29T09:07:33.330-07:00  INFO 22164 --- [customerprofile-api] [restartedMain] org.hibernate.orm.jpa                    : HHH008540: Processing PersistenceUnitInfo [name: default]
2026-03-29T09:07:33.451-07:00  INFO 22164 --- [customerprofile-api] [restartedMain] org.hibernate.orm.core                   : HHH000001: Hibernate ORM core version 7.2.7.Final
2026-03-29T09:07:34.231-07:00  INFO 22164 --- [customerprofile-api] [restartedMain] o.s.o.j.p.SpringPersistenceUnitInfo      : No LoadTimeWeaver setup: ignoring JPA class transformer
2026-03-29T09:07:34.356-07:00  INFO 22164 --- [customerprofile-api] [restartedMain] org.hibernate.orm.connections.pooling    : HHH10001005: Database info:
	Database JDBC URL [jdbc:postgresql://localhost:5432/postgres]
	Database driver: PostgreSQL JDBC Driver
	Database dialect: PostgreSQLDialect
	Database version: 18.1
	Default catalog/schema: postgres/public
	Autocommit mode: undefined/unknown
	Isolation level: READ_COMMITTED [default READ_COMMITTED]
	JDBC fetch size: none
	Pool: DataSourceConnectionProvider
	Minimum pool size: undefined/unknown
	Maximum pool size: undefined/unknown
2026-03-29T09:07:35.456-07:00  INFO 22164 --- [customerprofile-api] [restartedMain] org.hibernate.orm.core                   : HHH000489: No JTA platform available (set 'hibernate.transaction.jta.platform' to enable JTA platform integration)
2026-03-29T09:07:35.464-07:00  INFO 22164 --- [customerprofile-api] [restartedMain] j.LocalContainerEntityManagerFactoryBean : Initialized JPA EntityManagerFactory for persistence unit 'default'
2026-03-29T09:07:35.592-07:00  INFO 22164 --- [customerprofile-api] [restartedMain] o.s.d.j.r.query.QueryEnhancerFactories   : Hibernate is in classpath; If applicable, HQL parser will be used.
2026-03-29T09:07:37.243-07:00  WARN 22164 --- [customerprofile-api] [restartedMain] JpaBaseConfiguration$JpaWebConfiguration : spring.jpa.open-in-view is enabled by default. Therefore, database queries may be performed during view rendering. Explicitly configure spring.jpa.open-in-view to disable this warning
2026-03-29T09:07:38.322-07:00  INFO 22164 --- [customerprofile-api] [restartedMain] o.s.b.a.e.web.EndpointLinksResolver      : Exposing 16 endpoints beneath base path '/actuator'
2026-03-29T09:07:38.435-07:00  INFO 22164 --- [customerprofile-api] [restartedMain] o.s.boot.tomcat.TomcatWebServer          : Tomcat started on port 8085 (http) with context path '/'
2026-03-29T09:07:38.455-07:00  INFO 22164 --- [customerprofile-api] [restartedMain] c.c.CustomerprofileApiApplication        : Started CustomerprofileApiApplication in 12.048 seconds (process running for 13.123)
2026-03-29T09:07:38.560-07:00  WARN 22164 --- [customerprofile-api] [restartedMain] o.s.core.events.SpringDocAppInitializer  : SpringDoc /v3/api-docs endpoint is enabled by default. To disable it in production, set the property 'springdoc.api-docs.enabled=false'
2026-03-29T09:07:38.560-07:00  WARN 22164 --- [customerprofile-api] [restartedMain] o.s.core.events.SpringDocAppInitializer  : SpringDoc /swagger-ui.html endpoint is enabled by default. To disable it in production, set the property 'springdoc.swagger-ui.enabled=false'
2026-03-29T09:07:45.094-07:00  INFO 22164 --- [customerprofile-api] [http-nio-8085-exec-1] o.a.c.c.C.[Tomcat].[localhost].[/]       : Initializing Spring DispatcherServlet 'dispatcherServlet'
2026-03-29T09:07:45.095-07:00  INFO 22164 --- [customerprofile-api] [http-nio-8085-exec-1] o.s.web.servlet.DispatcherServlet        : Initializing Servlet 'dispatcherServlet'
2026-03-29T09:07:45.097-07:00  INFO 22164 --- [customerprofile-api] [http-nio-8085-exec-1] o.s.web.servlet.DispatcherServlet        : Completed initialization in 2 ms
2026-03-29T09:07:45.828-07:00  INFO 22164 --- [customerprofile-api] [http-nio-8085-exec-2] o.springdoc.api.AbstractOpenApiResource  : Init duration for springdoc-openapi is: 413 ms
2026-03-29T09:07:51.113-07:00  WARN 22164 --- [customerprofile-api] [http-nio-8085-exec-5] .m.m.a.ExceptionHandlerExceptionResolver : Resolved [org.springframework.orm.ObjectOptimisticLockingFailureException: Row was already updated or deleted by another transaction for entity [com.customerprofile.entity.CustomerProfile with id '4']]
2026-03-29T09:10:44.260-07:00  INFO 28944 --- [customerprofile-api] [main] c.c.CustomerprofileApiApplicationTests   : Starting CustomerprofileApiApplicationTests using Java 21.0.2 with PID 28944 (started by vinum in C:\Users\vinum\Documents\GitProjects\customerprofile-api)
2026-03-29T09:10:44.263-07:00 DEBUG 28944 --- [customerprofile-api] [main] c.c.CustomerprofileApiApplicationTests   : Running with Spring Boot v4.0.5, Spring v7.0.6
2026-03-29T09:10:44.264-07:00  INFO 28944 --- [customerprofile-api] [main] c.c.CustomerprofileApiApplicationTests   : The following 1 profile is active: "sit"
2026-03-29T09:10:44.323-07:00  INFO 28944 --- [customerprofile-api] [main] o.s.c.c.c.ConfigServerConfigDataLoader   : Fetching config from server at : http://localhost:9090
2026-03-29T09:10:44.325-07:00  INFO 28944 --- [customerprofile-api] [main] o.s.c.c.c.ConfigServerConfigDataLoader   : Located environment: name=customerprofile-api, profiles=[default], label=null, version=5fcece3ead4d5dc93b9d3488e9fbbd3252f4b10d, state=
2026-03-29T09:10:44.331-07:00  INFO 28944 --- [customerprofile-api] [main] o.s.c.c.c.ConfigServerConfigDataLoader   : Fetching config from server at : http://localhost:9090
2026-03-29T09:10:44.332-07:00  INFO 28944 --- [customerprofile-api] [main] o.s.c.c.c.ConfigServerConfigDataLoader   : Located environment: name=customerprofile-api, profiles=[sit], label=null, version=5fcece3ead4d5dc93b9d3488e9fbbd3252f4b10d, state=
2026-03-29T09:10:48.059-07:00  INFO 28944 --- [customerprofile-api] [main] .s.d.r.c.RepositoryConfigurationDelegate : Bootstrapping Spring Data JPA repositories in DEFAULT mode.
2026-03-29T09:10:48.236-07:00  INFO 28944 --- [customerprofile-api] [main] .s.d.r.c.RepositoryConfigurationDelegate : Finished Spring Data repository scanning in 148 ms. Found 1 JPA repository interface.
2026-03-29T09:10:49.171-07:00  INFO 28944 --- [customerprofile-api] [main] o.s.cloud.context.scope.GenericScope     : BeanFactory id=ed28a94e-ed47-3c3a-9022-18023c9125be
2026-03-29T09:10:49.978-07:00  INFO 28944 --- [customerprofile-api] [main] org.testcontainers.images.PullPolicy     : Image pull policy will be performed by: DefaultPullPolicy()
2026-03-29T09:10:49.991-07:00  INFO 28944 --- [customerprofile-api] [main] o.t.utility.ImageNameSubstitutor         : Image name substitution will be performed by: DefaultImageNameSubstitutor (composite of 'ConfigurationFileImageNameSubstitutor' and 'PrefixingImageNameSubstitutor')
2026-03-29T09:10:50.102-07:00  INFO 28944 --- [customerprofile-api] [main] org.testcontainers.DockerClientFactory   : Testcontainers version: 2.0.4
2026-03-29T09:10:50.522-07:00  INFO 28944 --- [customerprofile-api] [main] .t.d.DockerMachineClientProviderStrategy : docker-machine executable was not found on PATH ([C:\Users\vinum\AppData\Local\Programs\Microsoft VS Code, C:\Python315\Scripts\, C:\Python315\, C:\WINDOWS\system32, C:\WINDOWS, C:\WINDOWS\System32\Wbem, C:\WINDOWS\System32\WindowsPowerShell\v1.0\, C:\WINDOWS\System32\OpenSSH\, C:\Users\vinum\AppData\Local\Programs\Python\Python38-32, C:\Users\vinum\AppData\Local\Programs\Python\Python38-32\Scripts, C:\Program Files\Go\bin, C:\ProgramData\chocolatey\bin, C:\Program Files\Git\cmd, C:\Program Files\HP\HP One Agent, C:\Program Files\Amazon\AWSCLIV2\, C:\WINDOWS\system32, C:\WINDOWS, C:\WINDOWS\System32\Wbem, C:\WINDOWS\System32\WindowsPowerShell\v1.0\, C:\WINDOWS\System32\OpenSSH\, C:\Users\vinum\AppData\Local\Microsoft\WindowsApps, C:\Program Files\JetBrains\IntelliJ IDEA Community Edition 2019.3.1\bin, , C:\Users\vinum\go\bin, C:\Users\vinum\AppData\Local\Programs\Microsoft VS Code\bin, C:\Program Files\JetBrains\IntelliJ IDEA 2025.3\bin, C:\Program Files\OpenJDK\jdk-21.0.2\bin])
2026-03-29T09:10:50.523-07:00 ERROR 28944 --- [customerprofile-api] [main] o.t.d.DockerClientProviderStrategy       : Could not find a valid Docker environment. Please check configuration. Attempted configurations were:
As no valid configuration was found, execution cannot continue.
See https://java.testcontainers.org/on_failure.html for more details.
2026-03-29T09:10:50.529-07:00  WARN 28944 --- [customerprofile-api] [main] o.s.w.c.s.GenericWebApplicationContext   : Exception encountered during context initialization - cancelling refresh attempt: org.springframework.beans.factory.BeanCreationException: Error creating bean with name 'entityManagerFactory' defined in class path resource [org/springframework/boot/hibernate/autoconfigure/HibernateJpaConfiguration.class]: Failed to initialize dependency 'dataSourceScriptDatabaseInitializer' of LoadTimeWeaverAware bean 'entityManagerFactory': Error creating bean with name 'dataSourceScriptDatabaseInitializer' defined in class path resource [org/springframework/boot/jdbc/autoconfigure/DataSourceInitializationAutoConfiguration.class]: Unsatisfied dependency expressed through method 'dataSourceScriptDatabaseInitializer' parameter 0: Error creating bean with name 'dataSource' defined in class path resource [org/springframework/boot/jdbc/autoconfigure/DataSourceConfiguration$Hikari.class]: Unsatisfied dependency expressed through method 'dataSource' parameter 1: Error creating bean with name 'jdbcContainerConnectionDetailsForPostgresContainer': Error creating bean with name 'postgresContainer' defined in class path resource [com/customerprofile/TestcontainersConfiguration.class]: Could not find a valid Docker environment. Please see logs and check configuration
2026-03-29T09:10:50.610-07:00  INFO 28944 --- [customerprofile-api] [main] .s.b.a.l.ConditionEvaluationReportLogger : 

Error starting ApplicationContext. To display the condition evaluation report re-run your application with 'debug' enabled.
2026-03-29T09:10:50.684-07:00 ERROR 28944 --- [customerprofile-api] [main] o.s.boot.SpringApplication               : Application run failed

org.springframework.beans.factory.BeanCreationException: Error creating bean with name 'entityManagerFactory' defined in class path resource [org/springframework/boot/hibernate/autoconfigure/HibernateJpaConfiguration.class]: Failed to initialize dependency 'dataSourceScriptDatabaseInitializer' of LoadTimeWeaverAware bean 'entityManagerFactory': Error creating bean with name 'dataSourceScriptDatabaseInitializer' defined in class path resource [org/springframework/boot/jdbc/autoconfigure/DataSourceInitializationAutoConfiguration.class]: Unsatisfied dependency expressed through method 'dataSourceScriptDatabaseInitializer' parameter 0: Error creating bean with name 'dataSource' defined in class path resource [org/springframework/boot/jdbc/autoconfigure/DataSourceConfiguration$Hikari.class]: Unsatisfied dependency expressed through method 'dataSource' parameter 1: Error creating bean with name 'jdbcContainerConnectionDetailsForPostgresContainer': Error creating bean with name 'postgresContainer' defined in class path resource [com/customerprofile/TestcontainersConfiguration.class]: Could not find a valid Docker environment. Please see logs and check configuration
	at org.springframework.beans.factory.support.AbstractBeanFactory.doGetBean(AbstractBeanFactory.java:322) ~[spring-beans-7.0.6.jar:7.0.6]
	at org.springframework.beans.factory.support.AbstractBeanFactory.getBean(AbstractBeanFactory.java:201) ~[spring-beans-7.0.6.jar:7.0.6]
	at org.springframework.context.support.AbstractApplicationContext.finishBeanFactoryInitialization(AbstractApplicationContext.java:977) ~[spring-context-7.0.6.jar:7.0.6]
	at org.springframework.context.support.AbstractApplicationContext.refresh(AbstractApplicationContext.java:621) ~[spring-context-7.0.6.jar:7.0.6]
	at org.springframework.boot.SpringApplication.refresh(SpringApplication.java:756) ~[spring-boot-4.0.5.jar:4.0.5]
	at org.springframework.boot.SpringApplication.refreshContext(SpringApplication.java:445) ~[spring-boot-4.0.5.jar:4.0.5]
	at org.springframework.boot.SpringApplication.run(SpringApplication.java:321) ~[spring-boot-4.0.5.jar:4.0.5]
	at org.springframework.boot.test.context.SpringBootContextLoader.lambda$loadContext$2(SpringBootContextLoader.java:155) ~[spring-boot-test-4.0.5.jar:4.0.5]
	at org.springframework.util.function.ThrowingSupplier.get(ThrowingSupplier.java:58) ~[spring-core-7.0.6.jar:7.0.6]
	at org.springframework.util.function.ThrowingSupplier.get(ThrowingSupplier.java:46) ~[spring-core-7.0.6.jar:7.0.6]
	at org.springframework.boot.SpringApplication.withHook(SpringApplication.java:1465) ~[spring-boot-4.0.5.jar:4.0.5]
	at org.springframework.boot.test.context.SpringBootContextLoader$ContextLoaderHook.run(SpringBootContextLoader.java:600) ~[spring-boot-test-4.0.5.jar:4.0.5]
	at org.springframework.boot.test.context.SpringBootContextLoader.loadContext(SpringBootContextLoader.java:155) ~[spring-boot-test-4.0.5.jar:4.0.5]
	at org.springframework.boot.test.context.SpringBootContextLoader.loadContext(SpringBootContextLoader.java:114) ~[spring-boot-test-4.0.5.jar:4.0.5]
	at org.springframework.test.context.cache.DefaultCacheAwareContextLoaderDelegate.loadContextInternal(DefaultCacheAwareContextLoaderDelegate.java:247) ~[spring-test-7.0.6.jar:7.0.6]
	at org.springframework.test.context.cache.DefaultCacheAwareContextLoaderDelegate.lambda$loadContext$0(DefaultCacheAwareContextLoaderDelegate.java:167) ~[spring-test-7.0.6.jar:7.0.6]
	at org.springframework.test.context.cache.DefaultContextCache.put(DefaultContextCache.java:214) ~[spring-test-7.0.6.jar:7.0.6]
	at org.springframework.test.context.cache.DefaultCacheAwareContextLoaderDelegate.loadContext(DefaultCacheAwareContextLoaderDelegate.java:160) ~[spring-test-7.0.6.jar:7.0.6]
	at org.springframework.test.context.support.DefaultTestContext.getApplicationContext(DefaultTestContext.java:128) ~[spring-test-7.0.6.jar:7.0.6]
	at org.springframework.test.context.web.ServletTestExecutionListener.setUpRequestContextIfNecessary(ServletTestExecutionListener.java:200) ~[spring-test-7.0.6.jar:7.0.6]
	at org.springframework.test.context.web.ServletTestExecutionListener.prepareTestInstance(ServletTestExecutionListener.java:139) ~[spring-test-7.0.6.jar:7.0.6]
	at org.springframework.test.context.TestContextManager.prepareTestInstance(TestContextManager.java:260) ~[spring-test-7.0.6.jar:7.0.6]
	at org.springframework.test.context.junit.jupiter.SpringExtension.postProcessTestInstance(SpringExtension.java:210) ~[spring-test-7.0.6.jar:7.0.6]
	at org.junit.jupiter.engine.descriptor.ClassBasedTestDescriptor.lambda$invokeTestInstancePostProcessors$1(ClassBasedTestDescriptor.java:423) ~[junit-jupiter-engine-6.0.3.jar:6.0.3]
	at org.junit.jupiter.engine.descriptor.ClassBasedTestDescriptor.executeAndMaskThrowable(ClassBasedTestDescriptor.java:428) ~[junit-jupiter-engine-6.0.3.jar:6.0.3]
	at org.junit.jupiter.engine.descriptor.ClassBasedTestDescriptor.lambda$invokeTestInstancePostProcessors$0(ClassBasedTestDescriptor.java:422) ~[junit-jupiter-engine-6.0.3.jar:6.0.3]
	at java.base/java.util.stream.ForEachOps$ForEachOp$OfRef.accept(ForEachOps.java:184) ~[na:na]
	at java.base/java.util.stream.ReferencePipeline$3$1.accept(ReferencePipeline.java:197) ~[na:na]
	at java.base/java.util.stream.ReferencePipeline$2$1.accept(ReferencePipeline.java:179) ~[na:na]
	at java.base/java.util.stream.ReferencePipeline$3$1.accept(ReferencePipeline.java:197) ~[na:na]
	at java.base/java.util.ArrayList$ArrayListSpliterator.forEachRemaining(ArrayList.java:1708) ~[na:na]
	at java.base/java.util.stream.AbstractPipeline.copyInto(AbstractPipeline.java:509) ~[na:na]
	at java.base/java.util.stream.AbstractPipeline.wrapAndCopyInto(AbstractPipeline.java:499) ~[na:na]
	at java.base/java.util.stream.ForEachOps$ForEachOp.evaluateSequential(ForEachOps.java:151) ~[na:na]
	at java.base/java.util.stream.ForEachOps$ForEachOp$OfRef.evaluateSequential(ForEachOps.java:174) ~[na:na]
	at java.base/java.util.stream.AbstractPipeline.evaluate(AbstractPipeline.java:234) ~[na:na]
	at java.base/java.util.stream.ReferencePipeline.forEach(ReferencePipeline.java:596) ~[na:na]
	at org.junit.jupiter.engine.descriptor.ClassBasedTestDescriptor.invokeTestInstancePostProcessors(ClassBasedTestDescriptor.java:422) ~[junit-jupiter-engine-6.0.3.jar:6.0.3]
	at org.junit.jupiter.engine.descriptor.ClassBasedTestDescriptor.lambda$instantiateAndPostProcessTestInstance$0(ClassBasedTestDescriptor.java:334) ~[junit-jupiter-engine-6.0.3.jar:6.0.3]
	at org.junit.platform.engine.support.hierarchical.ThrowableCollector.execute(ThrowableCollector.java:74) ~[junit-platform-engine-6.0.3.jar:6.0.3]
	at org.junit.jupiter.engine.descriptor.ClassBasedTestDescriptor.instantiateAndPostProcessTestInstance(ClassBasedTestDescriptor.java:333) ~[junit-jupiter-engine-6.0.3.jar:6.0.3]
	at org.junit.jupiter.engine.descriptor.ClassBasedTestDescriptor.lambda$testInstancesProvider$1(ClassBasedTestDescriptor.java:322) ~[junit-jupiter-engine-6.0.3.jar:6.0.3]
	at java.base/java.util.Optional.orElseGet(Optional.java:364) ~[na:na]
	at org.junit.jupiter.engine.descriptor.ClassBasedTestDescriptor.lambda$testInstancesProvider$0(ClassBasedTestDescriptor.java:321) ~[junit-jupiter-engine-6.0.3.jar:6.0.3]
	at org.junit.jupiter.engine.execution.TestInstancesProvider.getTestInstances(TestInstancesProvider.java:27) ~[junit-jupiter-engine-6.0.3.jar:6.0.3]
	at org.junit.jupiter.engine.descriptor.TestMethodTestDescriptor.lambda$prepare$0(TestMethodTestDescriptor.java:127) ~[junit-jupiter-engine-6.0.3.jar:6.0.3]
	at org.junit.platform.engine.support.hierarchical.ThrowableCollector.execute(ThrowableCollector.java:74) ~[junit-platform-engine-6.0.3.jar:6.0.3]
	at org.junit.jupiter.engine.descriptor.TestMethodTestDescriptor.prepare(TestMethodTestDescriptor.java:126) ~[junit-jupiter-engine-6.0.3.jar:6.0.3]
	at org.junit.jupiter.engine.descriptor.TestMethodTestDescriptor.prepare(TestMethodTestDescriptor.java:70) ~[junit-jupiter-engine-6.0.3.jar:6.0.3]
	at org.junit.platform.engine.support.hierarchical.NodeTestTask.lambda$prepare$0(NodeTestTask.java:144) ~[junit-platform-engine-6.0.3.jar:6.0.3]
	at org.junit.platform.engine.support.hierarchical.ThrowableCollector.execute(ThrowableCollector.java:74) ~[junit-platform-engine-6.0.3.jar:6.0.3]
	at org.junit.platform.engine.support.hierarchical.NodeTestTask.prepare(NodeTestTask.java:144) ~[junit-platform-engine-6.0.3.jar:6.0.3]
	at org.junit.platform.engine.support.hierarchical.NodeTestTask.execute(NodeTestTask.java:110) ~[junit-platform-engine-6.0.3.jar:6.0.3]
	at java.base/java.util.ArrayList.forEach(ArrayList.java:1596) ~[na:na]
	at org.junit.platform.engine.support.hierarchical.SameThreadHierarchicalTestExecutorService.invokeAll(SameThreadHierarchicalTestExecutorService.java:42) ~[junit-platform-engine-6.0.3.jar:6.0.3]
	at org.junit.platform.engine.support.hierarchical.NodeTestTask.lambda$executeRecursively$2(NodeTestTask.java:180) ~[junit-platform-engine-6.0.3.jar:6.0.3]
	at org.junit.platform.engine.support.hierarchical.ThrowableCollector.execute(ThrowableCollector.java:74) ~[junit-platform-engine-6.0.3.jar:6.0.3]
	at org.junit.platform.engine.support.hierarchical.NodeTestTask.lambda$executeRecursively$1(NodeTestTask.java:166) ~[junit-platform-engine-6.0.3.jar:6.0.3]
	at org.junit.platform.engine.support.hierarchical.Node.around(Node.java:138) ~[junit-platform-engine-6.0.3.jar:6.0.3]
	at org.junit.platform.engine.support.hierarchical.NodeTestTask.lambda$executeRecursively$0(NodeTestTask.java:164) ~[junit-platform-engine-6.0.3.jar:6.0.3]
	at org.junit.platform.engine.support.hierarchical.ThrowableCollector.execute(ThrowableCollector.java:74) ~[junit-platform-engine-6.0.3.jar:6.0.3]
	at org.junit.platform.engine.support.hierarchical.NodeTestTask.executeRecursively(NodeTestTask.java:163) ~[junit-platform-engine-6.0.3.jar:6.0.3]
	at org.junit.platform.engine.support.hierarchical.NodeTestTask.execute(NodeTestTask.java:116) ~[junit-platform-engine-6.0.3.jar:6.0.3]
	at java.base/java.util.ArrayList.forEach(ArrayList.java:1596) ~[na:na]
	at org.junit.platform.engine.support.hierarchical.SameThreadHierarchicalTestExecutorService.invokeAll(SameThreadHierarchicalTestExecutorService.java:42) ~[junit-platform-engine-6.0.3.jar:6.0.3]
	at org.junit.platform.engine.support.hierarchical.NodeTestTask.lambda$executeRecursively$2(NodeTestTask.java:180) ~[junit-platform-engine-6.0.3.jar:6.0.3]
	at org.junit.platform.engine.support.hierarchical.ThrowableCollector.execute(ThrowableCollector.java:74) ~[junit-platform-engine-6.0.3.jar:6.0.3]
	at org.junit.platform.engine.support.hierarchical.NodeTestTask.lambda$executeRecursively$1(NodeTestTask.java:166) ~[junit-platform-engine-6.0.3.jar:6.0.3]
	at org.junit.platform.engine.support.hierarchical.Node.around(Node.java:138) ~[junit-platform-engine-6.0.3.jar:6.0.3]
	at org.junit.platform.engine.support.hierarchical.NodeTestTask.lambda$executeRecursively$0(NodeTestTask.java:164) ~[junit-platform-engine-6.0.3.jar:6.0.3]
	at org.junit.platform.engine.support.hierarchical.ThrowableCollector.execute(ThrowableCollector.java:74) ~[junit-platform-engine-6.0.3.jar:6.0.3]
	at org.junit.platform.engine.support.hierarchical.NodeTestTask.executeRecursively(NodeTestTask.java:163) ~[junit-platform-engine-6.0.3.jar:6.0.3]
	at org.junit.platform.engine.support.hierarchical.NodeTestTask.execute(NodeTestTask.java:116) ~[junit-platform-engine-6.0.3.jar:6.0.3]
	at org.junit.platform.engine.support.hierarchical.SameThreadHierarchicalTestExecutorService.submit(SameThreadHierarchicalTestExecutorService.java:36) ~[junit-platform-engine-6.0.3.jar:6.0.3]
	at org.junit.platform.engine.support.hierarchical.HierarchicalTestExecutor.execute(HierarchicalTestExecutor.java:52) ~[junit-platform-engine-6.0.3.jar:6.0.3]
	at org.junit.platform.engine.support.hierarchical.HierarchicalTestEngine.execute(HierarchicalTestEngine.java:58) ~[junit-platform-engine-6.0.3.jar:6.0.3]
	at org.junit.platform.launcher.core.EngineExecutionOrchestrator.executeEngine(EngineExecutionOrchestrator.java:246) ~[junit-platform-launcher-6.0.3.jar:6.0.3]
	at org.junit.platform.launcher.core.EngineExecutionOrchestrator.failOrExecuteEngine(EngineExecutionOrchestrator.java:218) ~[junit-platform-launcher-6.0.3.jar:6.0.3]
	at org.junit.platform.launcher.core.EngineExecutionOrchestrator.execute(EngineExecutionOrchestrator.java:179) ~[junit-platform-launcher-6.0.3.jar:6.0.3]
	at org.junit.platform.launcher.core.EngineExecutionOrchestrator.execute(EngineExecutionOrchestrator.java:108) ~[junit-platform-launcher-6.0.3.jar:6.0.3]
	at org.junit.platform.launcher.core.EngineExecutionOrchestrator.lambda$execute$0(EngineExecutionOrchestrator.java:66) ~[junit-platform-launcher-6.0.3.jar:6.0.3]
	at org.junit.platform.launcher.core.EngineExecutionOrchestrator.withInterceptedStreams(EngineExecutionOrchestrator.java:157) ~[junit-platform-launcher-6.0.3.jar:6.0.3]
	at org.junit.platform.launcher.core.EngineExecutionOrchestrator.execute(EngineExecutionOrchestrator.java:65) ~[junit-platform-launcher-6.0.3.jar:6.0.3]
	at org.junit.platform.launcher.core.DefaultLauncher.execute(DefaultLauncher.java:125) ~[junit-platform-launcher-6.0.3.jar:6.0.3]
	at org.junit.platform.launcher.core.DefaultLauncher.execute(DefaultLauncher.java:114) ~[junit-platform-launcher-6.0.3.jar:6.0.3]
	at org.junit.platform.launcher.core.DelegatingLauncher.execute(DelegatingLauncher.java:58) ~[junit-platform-launcher-6.0.3.jar:6.0.3]
	at org.junit.platform.launcher.core.InterceptingLauncher.lambda$execute$2(InterceptingLauncher.java:57) ~[junit-platform-launcher-6.0.3.jar:6.0.3]
	at org.junit.platform.launcher.core.ClasspathAlignmentCheckingLauncherInterceptor.intercept(ClasspathAlignmentCheckingLauncherInterceptor.java:25) ~[junit-platform-launcher-6.0.3.jar:6.0.3]
	at org.junit.platform.launcher.core.InterceptingLauncher.execute(InterceptingLauncher.java:56) ~[junit-platform-launcher-6.0.3.jar:6.0.3]
	at org.junit.platform.launcher.core.DelegatingLauncher.execute(DelegatingLauncher.java:58) ~[junit-platform-launcher-6.0.3.jar:6.0.3]
	at org.junit.platform.launcher.core.SessionPerRequestLauncher.execute(SessionPerRequestLauncher.java:81) ~[junit-platform-launcher-6.0.3.jar:6.0.3]
	at org.eclipse.jdt.internal.junit6.runner.JUnit6TestReference.run(JUnit6TestReference.java:105) ~[.cp/:na]
	at org.eclipse.jdt.internal.junit.runner.TestExecution.run(TestExecution.java:40) ~[.cp/:na]
	at org.eclipse.jdt.internal.junit.runner.RemoteTestRunner.runTests(RemoteTestRunner.java:520) ~[.cp/:na]
	at org.eclipse.jdt.internal.junit.runner.RemoteTestRunner.runTests(RemoteTestRunner.java:748) ~[.cp/:na]
	at org.eclipse.jdt.internal.junit.runner.RemoteTestRunner.run(RemoteTestRunner.java:443) ~[.cp/:na]
	at org.eclipse.jdt.internal.junit.runner.RemoteTestRunner.main(RemoteTestRunner.java:211) ~[.cp/:na]
Caused by: org.springframework.beans.factory.UnsatisfiedDependencyException: Error creating bean with name 'dataSourceScriptDatabaseInitializer' defined in class path resource [org/springframework/boot/jdbc/autoconfigure/DataSourceInitializationAutoConfiguration.class]: Unsatisfied dependency expressed through method 'dataSourceScriptDatabaseInitializer' parameter 0: Error creating bean with name 'dataSource' defined in class path resource [org/springframework/boot/jdbc/autoconfigure/DataSourceConfiguration$Hikari.class]: Unsatisfied dependency expressed through method 'dataSource' parameter 1: Error creating bean with name 'jdbcContainerConnectionDetailsForPostgresContainer': Error creating bean with name 'postgresContainer' defined in class path resource [com/customerprofile/TestcontainersConfiguration.class]: Could not find a valid Docker environment. Please see logs and check configuration
	at org.springframework.beans.factory.support.ConstructorResolver.createArgumentArray(ConstructorResolver.java:804) ~[spring-beans-7.0.6.jar:7.0.6]
	at org.springframework.beans.factory.support.ConstructorResolver.instantiateUsingFactoryMethod(ConstructorResolver.java:546) ~[spring-beans-7.0.6.jar:7.0.6]
	at org.springframework.beans.factory.support.AbstractAutowireCapableBeanFactory.instantiateUsingFactoryMethod(AbstractAutowireCapableBeanFactory.java:1362) ~[spring-beans-7.0.6.jar:7.0.6]
	at org.springframework.beans.factory.support.AbstractAutowireCapableBeanFactory.createBeanInstance(AbstractAutowireCapableBeanFactory.java:1194) ~[spring-beans-7.0.6.jar:7.0.6]
	at org.springframework.beans.factory.support.AbstractAutowireCapableBeanFactory.doCreateBean(AbstractAutowireCapableBeanFactory.java:565) ~[spring-beans-7.0.6.jar:7.0.6]
	at org.springframework.beans.factory.support.AbstractAutowireCapableBeanFactory.createBean(AbstractAutowireCapableBeanFactory.java:525) ~[spring-beans-7.0.6.jar:7.0.6]
	at org.springframework.beans.factory.support.AbstractBeanFactory.lambda$doGetBean$0(AbstractBeanFactory.java:333) ~[spring-beans-7.0.6.jar:7.0.6]
	at org.springframework.beans.factory.support.DefaultSingletonBeanRegistry.getSingleton(DefaultSingletonBeanRegistry.java:371) ~[spring-beans-7.0.6.jar:7.0.6]
	at org.springframework.beans.factory.support.AbstractBeanFactory.doGetBean(AbstractBeanFactory.java:331) ~[spring-beans-7.0.6.jar:7.0.6]
	at org.springframework.beans.factory.support.AbstractBeanFactory.getBean(AbstractBeanFactory.java:196) ~[spring-beans-7.0.6.jar:7.0.6]
	at org.springframework.beans.factory.support.AbstractBeanFactory.doGetBean(AbstractBeanFactory.java:309) ~[spring-beans-7.0.6.jar:7.0.6]
	... 96 common frames omitted
Caused by: org.springframework.beans.factory.UnsatisfiedDependencyException: Error creating bean with name 'dataSource' defined in class path resource [org/springframework/boot/jdbc/autoconfigure/DataSourceConfiguration$Hikari.class]: Unsatisfied dependency expressed through method 'dataSource' parameter 1: Error creating bean with name 'jdbcContainerConnectionDetailsForPostgresContainer': Error creating bean with name 'postgresContainer' defined in class path resource [com/customerprofile/TestcontainersConfiguration.class]: Could not find a valid Docker environment. Please see logs and check configuration
	at org.springframework.beans.factory.support.ConstructorResolver.createArgumentArray(ConstructorResolver.java:804) ~[spring-beans-7.0.6.jar:7.0.6]
	at org.springframework.beans.factory.support.ConstructorResolver.instantiateUsingFactoryMethod(ConstructorResolver.java:546) ~[spring-beans-7.0.6.jar:7.0.6]
	at org.springframework.beans.factory.support.AbstractAutowireCapableBeanFactory.instantiateUsingFactoryMethod(AbstractAutowireCapableBeanFactory.java:1362) ~[spring-beans-7.0.6.jar:7.0.6]
	at org.springframework.beans.factory.support.AbstractAutowireCapableBeanFactory.createBeanInstance(AbstractAutowireCapableBeanFactory.java:1194) ~[spring-beans-7.0.6.jar:7.0.6]
	at org.springframework.beans.factory.support.AbstractAutowireCapableBeanFactory.doCreateBean(AbstractAutowireCapableBeanFactory.java:565) ~[spring-beans-7.0.6.jar:7.0.6]
	at org.springframework.beans.factory.support.AbstractAutowireCapableBeanFactory.createBean(AbstractAutowireCapableBeanFactory.java:525) ~[spring-beans-7.0.6.jar:7.0.6]
	at org.springframework.beans.factory.support.AbstractBeanFactory.lambda$doGetBean$0(AbstractBeanFactory.java:333) ~[spring-beans-7.0.6.jar:7.0.6]
	at org.springframework.beans.factory.support.DefaultSingletonBeanRegistry.getSingleton(DefaultSingletonBeanRegistry.java:371) ~[spring-beans-7.0.6.jar:7.0.6]
	at org.springframework.beans.factory.support.AbstractBeanFactory.doGetBean(AbstractBeanFactory.java:331) ~[spring-beans-7.0.6.jar:7.0.6]
	at org.springframework.beans.factory.support.AbstractBeanFactory.getBean(AbstractBeanFactory.java:201) ~[spring-beans-7.0.6.jar:7.0.6]
	at org.springframework.beans.factory.support.DefaultListableBeanFactory.resolveBean(DefaultListableBeanFactory.java:1225) ~[spring-beans-7.0.6.jar:7.0.6]
	at org.springframework.beans.factory.support.DefaultListableBeanFactory.doResolveDependency(DefaultListableBeanFactory.java:1704) ~[spring-beans-7.0.6.jar:7.0.6]
	at org.springframework.beans.factory.support.DefaultListableBeanFactory.resolveDependency(DefaultListableBeanFactory.java:1651) ~[spring-beans-7.0.6.jar:7.0.6]
	at org.springframework.beans.factory.support.ConstructorResolver.resolveAutowiredArgument(ConstructorResolver.java:912) ~[spring-beans-7.0.6.jar:7.0.6]
	at org.springframework.beans.factory.support.ConstructorResolver.createArgumentArray(ConstructorResolver.java:791) ~[spring-beans-7.0.6.jar:7.0.6]
	... 106 common frames omitted
Caused by: org.springframework.beans.factory.BeanCreationException: Error creating bean with name 'jdbcContainerConnectionDetailsForPostgresContainer': Error creating bean with name 'postgresContainer' defined in class path resource [com/customerprofile/TestcontainersConfiguration.class]: Could not find a valid Docker environment. Please see logs and check configuration
	at org.springframework.beans.factory.support.AbstractAutowireCapableBeanFactory.initializeBean(AbstractAutowireCapableBeanFactory.java:1817) ~[spring-beans-7.0.6.jar:7.0.6]
	at org.springframework.beans.factory.support.AbstractAutowireCapableBeanFactory.doCreateBean(AbstractAutowireCapableBeanFactory.java:603) ~[spring-beans-7.0.6.jar:7.0.6]
	at org.springframework.beans.factory.support.AbstractAutowireCapableBeanFactory.createBean(AbstractAutowireCapableBeanFactory.java:525) ~[spring-beans-7.0.6.jar:7.0.6]
	at org.springframework.beans.factory.support.AbstractBeanFactory.lambda$doGetBean$0(AbstractBeanFactory.java:333) ~[spring-beans-7.0.6.jar:7.0.6]
	at org.springframework.beans.factory.support.DefaultSingletonBeanRegistry.getSingleton(DefaultSingletonBeanRegistry.java:371) ~[spring-beans-7.0.6.jar:7.0.6]
	at org.springframework.beans.factory.support.AbstractBeanFactory.doGetBean(AbstractBeanFactory.java:331) ~[spring-beans-7.0.6.jar:7.0.6]
	at org.springframework.beans.factory.support.AbstractBeanFactory.getBean(AbstractBeanFactory.java:201) ~[spring-beans-7.0.6.jar:7.0.6]
	at org.springframework.beans.factory.config.DependencyDescriptor.resolveCandidate(DependencyDescriptor.java:229) ~[spring-beans-7.0.6.jar:7.0.6]
	at org.springframework.beans.factory.support.DefaultListableBeanFactory.doResolveDependency(DefaultListableBeanFactory.java:1762) ~[spring-beans-7.0.6.jar:7.0.6]
	at org.springframework.beans.factory.support.DefaultListableBeanFactory.resolveDependency(DefaultListableBeanFactory.java:1651) ~[spring-beans-7.0.6.jar:7.0.6]
	at org.springframework.beans.factory.support.ConstructorResolver.resolveAutowiredArgument(ConstructorResolver.java:912) ~[spring-beans-7.0.6.jar:7.0.6]
	at org.springframework.beans.factory.support.ConstructorResolver.createArgumentArray(ConstructorResolver.java:791) ~[spring-beans-7.0.6.jar:7.0.6]
	... 120 common frames omitted
Caused by: org.springframework.beans.factory.BeanCreationException: Error creating bean with name 'postgresContainer' defined in class path resource [com/customerprofile/TestcontainersConfiguration.class]: Could not find a valid Docker environment. Please see logs and check configuration
	at org.springframework.beans.factory.support.AbstractAutowireCapableBeanFactory.doCreateBean(AbstractAutowireCapableBeanFactory.java:610) ~[spring-beans-7.0.6.jar:7.0.6]
	at org.springframework.beans.factory.support.AbstractAutowireCapableBeanFactory.createBean(AbstractAutowireCapableBeanFactory.java:525) ~[spring-beans-7.0.6.jar:7.0.6]
	at org.springframework.beans.factory.support.AbstractBeanFactory.lambda$doGetBean$0(AbstractBeanFactory.java:333) ~[spring-beans-7.0.6.jar:7.0.6]
	at org.springframework.beans.factory.support.DefaultSingletonBeanRegistry.getSingleton(DefaultSingletonBeanRegistry.java:371) ~[spring-beans-7.0.6.jar:7.0.6]
	at org.springframework.beans.factory.support.AbstractBeanFactory.doGetBean(AbstractBeanFactory.java:331) ~[spring-beans-7.0.6.jar:7.0.6]
	at org.springframework.beans.factory.support.AbstractBeanFactory.getBean(AbstractBeanFactory.java:201) ~[spring-beans-7.0.6.jar:7.0.6]
	at org.springframework.boot.testcontainers.service.connection.ServiceConnectionAutoConfigurationRegistrar.lambda$createSource$0(ServiceConnectionAutoConfigurationRegistrar.java:107) ~[spring-boot-testcontainers-4.0.5.jar:4.0.5]
	at org.springframework.boot.testcontainers.service.connection.ContainerConnectionDetailsFactory$ContainerConnectionDetails.afterPropertiesSet(ContainerConnectionDetailsFactory.java:187) ~[spring-boot-testcontainers-4.0.5.jar:4.0.5]
	at org.springframework.beans.factory.support.AbstractAutowireCapableBeanFactory.invokeInitMethods(AbstractAutowireCapableBeanFactory.java:1864) ~[spring-beans-7.0.6.jar:7.0.6]
	at org.springframework.beans.factory.support.AbstractAutowireCapableBeanFactory.initializeBean(AbstractAutowireCapableBeanFactory.java:1813) ~[spring-beans-7.0.6.jar:7.0.6]
	... 131 common frames omitted
Caused by: java.lang.IllegalStateException: Could not find a valid Docker environment. Please see logs and check configuration
	at org.testcontainers.dockerclient.DockerClientProviderStrategy.lambda$getFirstValidStrategy$7(DockerClientProviderStrategy.java:274) ~[testcontainers-2.0.4.jar:2.0.4]
	at java.base/java.util.Optional.orElseThrow(Optional.java:403) ~[na:na]
	at org.testcontainers.dockerclient.DockerClientProviderStrategy.getFirstValidStrategy(DockerClientProviderStrategy.java:265) ~[testcontainers-2.0.4.jar:2.0.4]
	at org.testcontainers.DockerClientFactory.getOrInitializeStrategy(DockerClientFactory.java:154) ~[testcontainers-2.0.4.jar:2.0.4]
	at org.testcontainers.DockerClientFactory.client(DockerClientFactory.java:196) ~[testcontainers-2.0.4.jar:2.0.4]
	at org.testcontainers.DockerClientFactory$1.getDockerClient(DockerClientFactory.java:108) ~[testcontainers-2.0.4.jar:2.0.4]
	at com.github.dockerjava.api.DockerClientDelegate.authConfig(DockerClientDelegate.java:111) ~[docker-java-api-3.7.1.jar:na]
	at org.testcontainers.containers.GenericContainer.start(GenericContainer.java:316) ~[testcontainers-2.0.4.jar:2.0.4]
	at org.springframework.boot.testcontainers.lifecycle.TestcontainersStartup.start(TestcontainersStartup.java:109) ~[spring-boot-testcontainers-4.0.5.jar:4.0.5]
	at java.base/java.lang.Iterable.forEach(Iterable.java:75) ~[na:na]
	at org.springframework.boot.testcontainers.lifecycle.TestcontainersStartup$1.start(TestcontainersStartup.java:50) ~[spring-boot-testcontainers-4.0.5.jar:4.0.5]
	at org.springframework.boot.testcontainers.lifecycle.TestcontainersLifecycleBeanPostProcessor.start(TestcontainersLifecycleBeanPostProcessor.java:127) ~[spring-boot-testcontainers-4.0.5.jar:4.0.5]
	at org.springframework.boot.testcontainers.lifecycle.TestcontainersLifecycleBeanPostProcessor.initializeStartables(TestcontainersLifecycleBeanPostProcessor.java:115) ~[spring-boot-testcontainers-4.0.5.jar:4.0.5]
	at org.springframework.boot.testcontainers.lifecycle.TestcontainersLifecycleBeanPostProcessor.postProcessAfterInitialization(TestcontainersLifecycleBeanPostProcessor.java:88) ~[spring-boot-testcontainers-4.0.5.jar:4.0.5]
	at org.springframework.beans.factory.support.AbstractAutowireCapableBeanFactory.applyBeanPostProcessorsAfterInitialization(AbstractAutowireCapableBeanFactory.java:442) ~[spring-beans-7.0.6.jar:7.0.6]
	at org.springframework.beans.factory.support.AbstractAutowireCapableBeanFactory.initializeBean(AbstractAutowireCapableBeanFactory.java:1820) ~[spring-beans-7.0.6.jar:7.0.6]
	at org.springframework.beans.factory.support.AbstractAutowireCapableBeanFactory.doCreateBean(AbstractAutowireCapableBeanFactory.java:603) ~[spring-beans-7.0.6.jar:7.0.6]
	... 140 common frames omitted

2026-03-29T09:10:50.719-07:00  WARN 28944 --- [customerprofile-api] [main] o.s.test.context.TestContextManager      : Caught exception while allowing TestExecutionListener [org.springframework.test.context.web.ServletTestExecutionListener] to prepare test instance [com.customerprofile.CustomerprofileApiApplicationTests@11577ab8]

java.lang.IllegalStateException: Failed to load ApplicationContext for [WebMergedContextConfiguration@29d563bd testClass = com.customerprofile.CustomerprofileApiApplicationTests, locations = [], classes = [com.customerprofile.CustomerprofileApiApplication], contextInitializerClasses = [], activeProfiles = [], propertySourceDescriptors = [], propertySourceProperties = ["org.springframework.boot.test.context.SpringBootTestContextBootstrapper=true"], contextCustomizers = [org.springframework.boot.web.server.context.SpringBootTestRandomPortContextCustomizer@40f1be1b, org.springframework.boot.testcontainers.service.connection.ServiceConnectionContextCustomizer@0, org.springframework.boot.micrometer.metrics.test.autoconfigure.MetricsContextCustomizerFactory$DisableMetricsExportContextCustomizer@1f, org.springframework.boot.test.autoconfigure.OnFailureConditionReportContextCustomizerFactory$OnFailureConditionReportContextCustomizer@21aa6d6c, org.springframework.boot.webmvc.test.autoconfigure.WebDriverContextCustomizer@3f446bef, org.springframework.test.context.support.DynamicPropertiesContextCustomizer@0, [ImportsContextCustomizer@73fe7483 key = [com.customerprofile.TestcontainersConfiguration]], org.springframework.boot.test.context.PropertyMappingContextCustomizer@0, org.springframework.boot.test.context.filter.ExcludeFilterContextCustomizer@533377b, org.springframework.boot.test.json.DuplicateJsonObjectContextCustomizerFactory$DuplicateJsonObjectContextCustomizer@162be91c, org.springframework.boot.test.context.SpringBootTestAnnotation@9758983e], resourceBasePath = "src/main/webapp", contextLoader = org.springframework.boot.test.context.SpringBootContextLoader, parent = null]
	at org.springframework.test.context.cache.DefaultCacheAwareContextLoaderDelegate.lambda$loadContext$0(DefaultCacheAwareContextLoaderDelegate.java:195) ~[spring-test-7.0.6.jar:7.0.6]
	at org.springframework.test.context.cache.DefaultContextCache.put(DefaultContextCache.java:214) ~[spring-test-7.0.6.jar:7.0.6]
	at org.springframework.test.context.cache.DefaultCacheAwareContextLoaderDelegate.loadContext(DefaultCacheAwareContextLoaderDelegate.java:160) ~[spring-test-7.0.6.jar:7.0.6]
	at org.springframework.test.context.support.DefaultTestContext.getApplicationContext(DefaultTestContext.java:128) ~[spring-test-7.0.6.jar:7.0.6]
	at org.springframework.test.context.web.ServletTestExecutionListener.setUpRequestContextIfNecessary(ServletTestExecutionListener.java:200) ~[spring-test-7.0.6.jar:7.0.6]
	at org.springframework.test.context.web.ServletTestExecutionListener.prepareTestInstance(ServletTestExecutionListener.java:139) ~[spring-test-7.0.6.jar:7.0.6]
	at org.springframework.test.context.TestContextManager.prepareTestInstance(TestContextManager.java:260) ~[spring-test-7.0.6.jar:7.0.6]
	at org.springframework.test.context.junit.jupiter.SpringExtension.postProcessTestInstance(SpringExtension.java:210) ~[spring-test-7.0.6.jar:7.0.6]
	at org.junit.jupiter.engine.descriptor.ClassBasedTestDescriptor.lambda$invokeTestInstancePostProcessors$1(ClassBasedTestDescriptor.java:423) ~[junit-jupiter-engine-6.0.3.jar:6.0.3]
	at org.junit.jupiter.engine.descriptor.ClassBasedTestDescriptor.executeAndMaskThrowable(ClassBasedTestDescriptor.java:428) ~[junit-jupiter-engine-6.0.3.jar:6.0.3]
	at org.junit.jupiter.engine.descriptor.ClassBasedTestDescriptor.lambda$invokeTestInstancePostProcessors$0(ClassBasedTestDescriptor.java:422) ~[junit-jupiter-engine-6.0.3.jar:6.0.3]
	at java.base/java.util.stream.ForEachOps$ForEachOp$OfRef.accept(ForEachOps.java:184) ~[na:na]
	at java.base/java.util.stream.ReferencePipeline$3$1.accept(ReferencePipeline.java:197) ~[na:na]
	at java.base/java.util.stream.ReferencePipeline$2$1.accept(ReferencePipeline.java:179) ~[na:na]
	at java.base/java.util.stream.ReferencePipeline$3$1.accept(ReferencePipeline.java:197) ~[na:na]
	at java.base/java.util.ArrayList$ArrayListSpliterator.forEachRemaining(ArrayList.java:1708) ~[na:na]
	at java.base/java.util.stream.AbstractPipeline.copyInto(AbstractPipeline.java:509) ~[na:na]
	at java.base/java.util.stream.AbstractPipeline.wrapAndCopyInto(AbstractPipeline.java:499) ~[na:na]
	at java.base/java.util.stream.ForEachOps$ForEachOp.evaluateSequential(ForEachOps.java:151) ~[na:na]
	at java.base/java.util.stream.ForEachOps$ForEachOp$OfRef.evaluateSequential(ForEachOps.java:174) ~[na:na]
	at java.base/java.util.stream.AbstractPipeline.evaluate(AbstractPipeline.java:234) ~[na:na]
	at java.base/java.util.stream.ReferencePipeline.forEach(ReferencePipeline.java:596) ~[na:na]
	at org.junit.jupiter.engine.descriptor.ClassBasedTestDescriptor.invokeTestInstancePostProcessors(ClassBasedTestDescriptor.java:422) ~[junit-jupiter-engine-6.0.3.jar:6.0.3]
	at org.junit.jupiter.engine.descriptor.ClassBasedTestDescriptor.lambda$instantiateAndPostProcessTestInstance$0(ClassBasedTestDescriptor.java:334) ~[junit-jupiter-engine-6.0.3.jar:6.0.3]
	at org.junit.platform.engine.support.hierarchical.ThrowableCollector.execute(ThrowableCollector.java:74) ~[junit-platform-engine-6.0.3.jar:6.0.3]
	at org.junit.jupiter.engine.descriptor.ClassBasedTestDescriptor.instantiateAndPostProcessTestInstance(ClassBasedTestDescriptor.java:333) ~[junit-jupiter-engine-6.0.3.jar:6.0.3]
	at org.junit.jupiter.engine.descriptor.ClassBasedTestDescriptor.lambda$testInstancesProvider$1(ClassBasedTestDescriptor.java:322) ~[junit-jupiter-engine-6.0.3.jar:6.0.3]
	at java.base/java.util.Optional.orElseGet(Optional.java:364) ~[na:na]
	at org.junit.jupiter.engine.descriptor.ClassBasedTestDescriptor.lambda$testInstancesProvider$0(ClassBasedTestDescriptor.java:321) ~[junit-jupiter-engine-6.0.3.jar:6.0.3]
	at org.junit.jupiter.engine.execution.TestInstancesProvider.getTestInstances(TestInstancesProvider.java:27) ~[junit-jupiter-engine-6.0.3.jar:6.0.3]
	at org.junit.jupiter.engine.descriptor.TestMethodTestDescriptor.lambda$prepare$0(TestMethodTestDescriptor.java:127) ~[junit-jupiter-engine-6.0.3.jar:6.0.3]
	at org.junit.platform.engine.support.hierarchical.ThrowableCollector.execute(ThrowableCollector.java:74) ~[junit-platform-engine-6.0.3.jar:6.0.3]
	at org.junit.jupiter.engine.descriptor.TestMethodTestDescriptor.prepare(TestMethodTestDescriptor.java:126) ~[junit-jupiter-engine-6.0.3.jar:6.0.3]
	at org.junit.jupiter.engine.descriptor.TestMethodTestDescriptor.prepare(TestMethodTestDescriptor.java:70) ~[junit-jupiter-engine-6.0.3.jar:6.0.3]
	at org.junit.platform.engine.support.hierarchical.NodeTestTask.lambda$prepare$0(NodeTestTask.java:144) ~[junit-platform-engine-6.0.3.jar:6.0.3]
	at org.junit.platform.engine.support.hierarchical.ThrowableCollector.execute(ThrowableCollector.java:74) ~[junit-platform-engine-6.0.3.jar:6.0.3]
	at org.junit.platform.engine.support.hierarchical.NodeTestTask.prepare(NodeTestTask.java:144) ~[junit-platform-engine-6.0.3.jar:6.0.3]
	at org.junit.platform.engine.support.hierarchical.NodeTestTask.execute(NodeTestTask.java:110) ~[junit-platform-engine-6.0.3.jar:6.0.3]
	at java.base/java.util.ArrayList.forEach(ArrayList.java:1596) ~[na:na]
	at org.junit.platform.engine.support.hierarchical.SameThreadHierarchicalTestExecutorService.invokeAll(SameThreadHierarchicalTestExecutorService.java:42) ~[junit-platform-engine-6.0.3.jar:6.0.3]
	at org.junit.platform.engine.support.hierarchical.NodeTestTask.lambda$executeRecursively$2(NodeTestTask.java:180) ~[junit-platform-engine-6.0.3.jar:6.0.3]
	at org.junit.platform.engine.support.hierarchical.ThrowableCollector.execute(ThrowableCollector.java:74) ~[junit-platform-engine-6.0.3.jar:6.0.3]
	at org.junit.platform.engine.support.hierarchical.NodeTestTask.lambda$executeRecursively$1(NodeTestTask.java:166) ~[junit-platform-engine-6.0.3.jar:6.0.3]
	at org.junit.platform.engine.support.hierarchical.Node.around(Node.java:138) ~[junit-platform-engine-6.0.3.jar:6.0.3]
	at org.junit.platform.engine.support.hierarchical.NodeTestTask.lambda$executeRecursively$0(NodeTestTask.java:164) ~[junit-platform-engine-6.0.3.jar:6.0.3]
	at org.junit.platform.engine.support.hierarchical.ThrowableCollector.execute(ThrowableCollector.java:74) ~[junit-platform-engine-6.0.3.jar:6.0.3]
	at org.junit.platform.engine.support.hierarchical.NodeTestTask.executeRecursively(NodeTestTask.java:163) ~[junit-platform-engine-6.0.3.jar:6.0.3]
	at org.junit.platform.engine.support.hierarchical.NodeTestTask.execute(NodeTestTask.java:116) ~[junit-platform-engine-6.0.3.jar:6.0.3]
	at java.base/java.util.ArrayList.forEach(ArrayList.java:1596) ~[na:na]
	at org.junit.platform.engine.support.hierarchical.SameThreadHierarchicalTestExecutorService.invokeAll(SameThreadHierarchicalTestExecutorService.java:42) ~[junit-platform-engine-6.0.3.jar:6.0.3]
	at org.junit.platform.engine.support.hierarchical.NodeTestTask.lambda$executeRecursively$2(NodeTestTask.java:180) ~[junit-platform-engine-6.0.3.jar:6.0.3]
	at org.junit.platform.engine.support.hierarchical.ThrowableCollector.execute(ThrowableCollector.java:74) ~[junit-platform-engine-6.0.3.jar:6.0.3]
	at org.junit.platform.engine.support.hierarchical.NodeTestTask.lambda$executeRecursively$1(NodeTestTask.java:166) ~[junit-platform-engine-6.0.3.jar:6.0.3]
	at org.junit.platform.engine.support.hierarchical.Node.around(Node.java:138) ~[junit-platform-engine-6.0.3.jar:6.0.3]
	at org.junit.platform.engine.support.hierarchical.NodeTestTask.lambda$executeRecursively$0(NodeTestTask.java:164) ~[junit-platform-engine-6.0.3.jar:6.0.3]
	at org.junit.platform.engine.support.hierarchical.ThrowableCollector.execute(ThrowableCollector.java:74) ~[junit-platform-engine-6.0.3.jar:6.0.3]
	at org.junit.platform.engine.support.hierarchical.NodeTestTask.executeRecursively(NodeTestTask.java:163) ~[junit-platform-engine-6.0.3.jar:6.0.3]
	at org.junit.platform.engine.support.hierarchical.NodeTestTask.execute(NodeTestTask.java:116) ~[junit-platform-engine-6.0.3.jar:6.0.3]
	at org.junit.platform.engine.support.hierarchical.SameThreadHierarchicalTestExecutorService.submit(SameThreadHierarchicalTestExecutorService.java:36) ~[junit-platform-engine-6.0.3.jar:6.0.3]
	at org.junit.platform.engine.support.hierarchical.HierarchicalTestExecutor.execute(HierarchicalTestExecutor.java:52) ~[junit-platform-engine-6.0.3.jar:6.0.3]
	at org.junit.platform.engine.support.hierarchical.HierarchicalTestEngine.execute(HierarchicalTestEngine.java:58) ~[junit-platform-engine-6.0.3.jar:6.0.3]
	at org.junit.platform.launcher.core.EngineExecutionOrchestrator.executeEngine(EngineExecutionOrchestrator.java:246) ~[junit-platform-launcher-6.0.3.jar:6.0.3]
	at org.junit.platform.launcher.core.EngineExecutionOrchestrator.failOrExecuteEngine(EngineExecutionOrchestrator.java:218) ~[junit-platform-launcher-6.0.3.jar:6.0.3]
	at org.junit.platform.launcher.core.EngineExecutionOrchestrator.execute(EngineExecutionOrchestrator.java:179) ~[junit-platform-launcher-6.0.3.jar:6.0.3]
	at org.junit.platform.launcher.core.EngineExecutionOrchestrator.execute(EngineExecutionOrchestrator.java:108) ~[junit-platform-launcher-6.0.3.jar:6.0.3]
	at org.junit.platform.launcher.core.EngineExecutionOrchestrator.lambda$execute$0(EngineExecutionOrchestrator.java:66) ~[junit-platform-launcher-6.0.3.jar:6.0.3]
	at org.junit.platform.launcher.core.EngineExecutionOrchestrator.withInterceptedStreams(EngineExecutionOrchestrator.java:157) ~[junit-platform-launcher-6.0.3.jar:6.0.3]
	at org.junit.platform.launcher.core.EngineExecutionOrchestrator.execute(EngineExecutionOrchestrator.java:65) ~[junit-platform-launcher-6.0.3.jar:6.0.3]
	at org.junit.platform.launcher.core.DefaultLauncher.execute(DefaultLauncher.java:125) ~[junit-platform-launcher-6.0.3.jar:6.0.3]
	at org.junit.platform.launcher.core.DefaultLauncher.execute(DefaultLauncher.java:114) ~[junit-platform-launcher-6.0.3.jar:6.0.3]
	at org.junit.platform.launcher.core.DelegatingLauncher.execute(DelegatingLauncher.java:58) ~[junit-platform-launcher-6.0.3.jar:6.0.3]
	at org.junit.platform.launcher.core.InterceptingLauncher.lambda$execute$2(InterceptingLauncher.java:57) ~[junit-platform-launcher-6.0.3.jar:6.0.3]
	at org.junit.platform.launcher.core.ClasspathAlignmentCheckingLauncherInterceptor.intercept(ClasspathAlignmentCheckingLauncherInterceptor.java:25) ~[junit-platform-launcher-6.0.3.jar:6.0.3]
	at org.junit.platform.launcher.core.InterceptingLauncher.execute(InterceptingLauncher.java:56) ~[junit-platform-launcher-6.0.3.jar:6.0.3]
	at org.junit.platform.launcher.core.DelegatingLauncher.execute(DelegatingLauncher.java:58) ~[junit-platform-launcher-6.0.3.jar:6.0.3]
	at org.junit.platform.launcher.core.SessionPerRequestLauncher.execute(SessionPerRequestLauncher.java:81) ~[junit-platform-launcher-6.0.3.jar:6.0.3]
	at org.eclipse.jdt.internal.junit6.runner.JUnit6TestReference.run(JUnit6TestReference.java:105) ~[.cp/:na]
	at org.eclipse.jdt.internal.junit.runner.TestExecution.run(TestExecution.java:40) ~[.cp/:na]
	at org.eclipse.jdt.internal.junit.runner.RemoteTestRunner.runTests(RemoteTestRunner.java:520) ~[.cp/:na]
	at org.eclipse.jdt.internal.junit.runner.RemoteTestRunner.runTests(RemoteTestRunner.java:748) ~[.cp/:na]
	at org.eclipse.jdt.internal.junit.runner.RemoteTestRunner.run(RemoteTestRunner.java:443) ~[.cp/:na]
	at org.eclipse.jdt.internal.junit.runner.RemoteTestRunner.main(RemoteTestRunner.java:211) ~[.cp/:na]
Caused by: org.springframework.beans.factory.BeanCreationException: Error creating bean with name 'entityManagerFactory' defined in class path resource [org/springframework/boot/hibernate/autoconfigure/HibernateJpaConfiguration.class]: Failed to initialize dependency 'dataSourceScriptDatabaseInitializer' of LoadTimeWeaverAware bean 'entityManagerFactory': Error creating bean with name 'dataSourceScriptDatabaseInitializer' defined in class path resource [org/springframework/boot/jdbc/autoconfigure/DataSourceInitializationAutoConfiguration.class]: Unsatisfied dependency expressed through method 'dataSourceScriptDatabaseInitializer' parameter 0: Error creating bean with name 'dataSource' defined in class path resource [org/springframework/boot/jdbc/autoconfigure/DataSourceConfiguration$Hikari.class]: Unsatisfied dependency expressed through method 'dataSource' parameter 1: Error creating bean with name 'jdbcContainerConnectionDetailsForPostgresContainer': Error creating bean with name 'postgresContainer' defined in class path resource [com/customerprofile/TestcontainersConfiguration.class]: Could not find a valid Docker environment. Please see logs and check configuration
	at org.springframework.beans.factory.support.AbstractBeanFactory.doGetBean(AbstractBeanFactory.java:322) ~[spring-beans-7.0.6.jar:7.0.6]
	at org.springframework.beans.factory.support.AbstractBeanFactory.getBean(AbstractBeanFactory.java:201) ~[spring-beans-7.0.6.jar:7.0.6]
	at org.springframework.context.support.AbstractApplicationContext.finishBeanFactoryInitialization(AbstractApplicationContext.java:977) ~[spring-context-7.0.6.jar:7.0.6]
	at org.springframework.context.support.AbstractApplicationContext.refresh(AbstractApplicationContext.java:621) ~[spring-context-7.0.6.jar:7.0.6]
	at org.springframework.boot.SpringApplication.refresh(SpringApplication.java:756) ~[spring-boot-4.0.5.jar:4.0.5]
	at org.springframework.boot.SpringApplication.refreshContext(SpringApplication.java:445) ~[spring-boot-4.0.5.jar:4.0.5]
	at org.springframework.boot.SpringApplication.run(SpringApplication.java:321) ~[spring-boot-4.0.5.jar:4.0.5]
	at org.springframework.boot.test.context.SpringBootContextLoader.lambda$loadContext$2(SpringBootContextLoader.java:155) ~[spring-boot-test-4.0.5.jar:4.0.5]
	at org.springframework.util.function.ThrowingSupplier.get(ThrowingSupplier.java:58) ~[spring-core-7.0.6.jar:7.0.6]
	at org.springframework.util.function.ThrowingSupplier.get(ThrowingSupplier.java:46) ~[spring-core-7.0.6.jar:7.0.6]
	at org.springframework.boot.SpringApplication.withHook(SpringApplication.java:1465) ~[spring-boot-4.0.5.jar:4.0.5]
	at org.springframework.boot.test.context.SpringBootContextLoader$ContextLoaderHook.run(SpringBootContextLoader.java:600) ~[spring-boot-test-4.0.5.jar:4.0.5]
	at org.springframework.boot.test.context.SpringBootContextLoader.loadContext(SpringBootContextLoader.java:155) ~[spring-boot-test-4.0.5.jar:4.0.5]
	at org.springframework.boot.test.context.SpringBootContextLoader.loadContext(SpringBootContextLoader.java:114) ~[spring-boot-test-4.0.5.jar:4.0.5]
	at org.springframework.test.context.cache.DefaultCacheAwareContextLoaderDelegate.loadContextInternal(DefaultCacheAwareContextLoaderDelegate.java:247) ~[spring-test-7.0.6.jar:7.0.6]
	at org.springframework.test.context.cache.DefaultCacheAwareContextLoaderDelegate.lambda$loadContext$0(DefaultCacheAwareContextLoaderDelegate.java:167) ~[spring-test-7.0.6.jar:7.0.6]
	... 81 common frames omitted
Caused by: org.springframework.beans.factory.UnsatisfiedDependencyException: Error creating bean with name 'dataSourceScriptDatabaseInitializer' defined in class path resource [org/springframework/boot/jdbc/autoconfigure/DataSourceInitializationAutoConfiguration.class]: Unsatisfied dependency expressed through method 'dataSourceScriptDatabaseInitializer' parameter 0: Error creating bean with name 'dataSource' defined in class path resource [org/springframework/boot/jdbc/autoconfigure/DataSourceConfiguration$Hikari.class]: Unsatisfied dependency expressed through method 'dataSource' parameter 1: Error creating bean with name 'jdbcContainerConnectionDetailsForPostgresContainer': Error creating bean with name 'postgresContainer' defined in class path resource [com/customerprofile/TestcontainersConfiguration.class]: Could not find a valid Docker environment. Please see logs and check configuration
	at org.springframework.beans.factory.support.ConstructorResolver.createArgumentArray(ConstructorResolver.java:804) ~[spring-beans-7.0.6.jar:7.0.6]
	at org.springframework.beans.factory.support.ConstructorResolver.instantiateUsingFactoryMethod(ConstructorResolver.java:546) ~[spring-beans-7.0.6.jar:7.0.6]
	at org.springframework.beans.factory.support.AbstractAutowireCapableBeanFactory.instantiateUsingFactoryMethod(AbstractAutowireCapableBeanFactory.java:1362) ~[spring-beans-7.0.6.jar:7.0.6]
	at org.springframework.beans.factory.support.AbstractAutowireCapableBeanFactory.createBeanInstance(AbstractAutowireCapableBeanFactory.java:1194) ~[spring-beans-7.0.6.jar:7.0.6]
	at org.springframework.beans.factory.support.AbstractAutowireCapableBeanFactory.doCreateBean(AbstractAutowireCapableBeanFactory.java:565) ~[spring-beans-7.0.6.jar:7.0.6]
	at org.springframework.beans.factory.support.AbstractAutowireCapableBeanFactory.createBean(AbstractAutowireCapableBeanFactory.java:525) ~[spring-beans-7.0.6.jar:7.0.6]
	at org.springframework.beans.factory.support.AbstractBeanFactory.lambda$doGetBean$0(AbstractBeanFactory.java:333) ~[spring-beans-7.0.6.jar:7.0.6]
	at org.springframework.beans.factory.support.DefaultSingletonBeanRegistry.getSingleton(DefaultSingletonBeanRegistry.java:371) ~[spring-beans-7.0.6.jar:7.0.6]
	at org.springframework.beans.factory.support.AbstractBeanFactory.doGetBean(AbstractBeanFactory.java:331) ~[spring-beans-7.0.6.jar:7.0.6]
	at org.springframework.beans.factory.support.AbstractBeanFactory.getBean(AbstractBeanFactory.java:196) ~[spring-beans-7.0.6.jar:7.0.6]
	at org.springframework.beans.factory.support.AbstractBeanFactory.doGetBean(AbstractBeanFactory.java:309) ~[spring-beans-7.0.6.jar:7.0.6]
	... 96 common frames omitted
Caused by: org.springframework.beans.factory.UnsatisfiedDependencyException: Error creating bean with name 'dataSource' defined in class path resource [org/springframework/boot/jdbc/autoconfigure/DataSourceConfiguration$Hikari.class]: Unsatisfied dependency expressed through method 'dataSource' parameter 1: Error creating bean with name 'jdbcContainerConnectionDetailsForPostgresContainer': Error creating bean with name 'postgresContainer' defined in class path resource [com/customerprofile/TestcontainersConfiguration.class]: Could not find a valid Docker environment. Please see logs and check configuration
	at org.springframework.beans.factory.support.ConstructorResolver.createArgumentArray(ConstructorResolver.java:804) ~[spring-beans-7.0.6.jar:7.0.6]
	at org.springframework.beans.factory.support.ConstructorResolver.instantiateUsingFactoryMethod(ConstructorResolver.java:546) ~[spring-beans-7.0.6.jar:7.0.6]
	at org.springframework.beans.factory.support.AbstractAutowireCapableBeanFactory.instantiateUsingFactoryMethod(AbstractAutowireCapableBeanFactory.java:1362) ~[spring-beans-7.0.6.jar:7.0.6]
	at org.springframework.beans.factory.support.AbstractAutowireCapableBeanFactory.createBeanInstance(AbstractAutowireCapableBeanFactory.java:1194) ~[spring-beans-7.0.6.jar:7.0.6]
	at org.springframework.beans.factory.support.AbstractAutowireCapableBeanFactory.doCreateBean(AbstractAutowireCapableBeanFactory.java:565) ~[spring-beans-7.0.6.jar:7.0.6]
	at org.springframework.beans.factory.support.AbstractAutowireCapableBeanFactory.createBean(AbstractAutowireCapableBeanFactory.java:525) ~[spring-beans-7.0.6.jar:7.0.6]
	at org.springframework.beans.factory.support.AbstractBeanFactory.lambda$doGetBean$0(AbstractBeanFactory.java:333) ~[spring-beans-7.0.6.jar:7.0.6]
	at org.springframework.beans.factory.support.DefaultSingletonBeanRegistry.getSingleton(DefaultSingletonBeanRegistry.java:371) ~[spring-beans-7.0.6.jar:7.0.6]
	at org.springframework.beans.factory.support.AbstractBeanFactory.doGetBean(AbstractBeanFactory.java:331) ~[spring-beans-7.0.6.jar:7.0.6]
	at org.springframework.beans.factory.support.AbstractBeanFactory.getBean(AbstractBeanFactory.java:201) ~[spring-beans-7.0.6.jar:7.0.6]
	at org.springframework.beans.factory.support.DefaultListableBeanFactory.resolveBean(DefaultListableBeanFactory.java:1225) ~[spring-beans-7.0.6.jar:7.0.6]
	at org.springframework.beans.factory.support.DefaultListableBeanFactory.doResolveDependency(DefaultListableBeanFactory.java:1704) ~[spring-beans-7.0.6.jar:7.0.6]
	at org.springframework.beans.factory.support.DefaultListableBeanFactory.resolveDependency(DefaultListableBeanFactory.java:1651) ~[spring-beans-7.0.6.jar:7.0.6]
	at org.springframework.beans.factory.support.ConstructorResolver.resolveAutowiredArgument(ConstructorResolver.java:912) ~[spring-beans-7.0.6.jar:7.0.6]
	at org.springframework.beans.factory.support.ConstructorResolver.createArgumentArray(ConstructorResolver.java:791) ~[spring-beans-7.0.6.jar:7.0.6]
	... 106 common frames omitted
Caused by: org.springframework.beans.factory.BeanCreationException: Error creating bean with name 'jdbcContainerConnectionDetailsForPostgresContainer': Error creating bean with name 'postgresContainer' defined in class path resource [com/customerprofile/TestcontainersConfiguration.class]: Could not find a valid Docker environment. Please see logs and check configuration
	at org.springframework.beans.factory.support.AbstractAutowireCapableBeanFactory.initializeBean(AbstractAutowireCapableBeanFactory.java:1817) ~[spring-beans-7.0.6.jar:7.0.6]
	at org.springframework.beans.factory.support.AbstractAutowireCapableBeanFactory.doCreateBean(AbstractAutowireCapableBeanFactory.java:603) ~[spring-beans-7.0.6.jar:7.0.6]
	at org.springframework.beans.factory.support.AbstractAutowireCapableBeanFactory.createBean(AbstractAutowireCapableBeanFactory.java:525) ~[spring-beans-7.0.6.jar:7.0.6]
	at org.springframework.beans.factory.support.AbstractBeanFactory.lambda$doGetBean$0(AbstractBeanFactory.java:333) ~[spring-beans-7.0.6.jar:7.0.6]
	at org.springframework.beans.factory.support.DefaultSingletonBeanRegistry.getSingleton(DefaultSingletonBeanRegistry.java:371) ~[spring-beans-7.0.6.jar:7.0.6]
	at org.springframework.beans.factory.support.AbstractBeanFactory.doGetBean(AbstractBeanFactory.java:331) ~[spring-beans-7.0.6.jar:7.0.6]
	at org.springframework.beans.factory.support.AbstractBeanFactory.getBean(AbstractBeanFactory.java:201) ~[spring-beans-7.0.6.jar:7.0.6]
	at org.springframework.beans.factory.config.DependencyDescriptor.resolveCandidate(DependencyDescriptor.java:229) ~[spring-beans-7.0.6.jar:7.0.6]
	at org.springframework.beans.factory.support.DefaultListableBeanFactory.doResolveDependency(DefaultListableBeanFactory.java:1762) ~[spring-beans-7.0.6.jar:7.0.6]
	at org.springframework.beans.factory.support.DefaultListableBeanFactory.resolveDependency(DefaultListableBeanFactory.java:1651) ~[spring-beans-7.0.6.jar:7.0.6]
	at org.springframework.beans.factory.support.ConstructorResolver.resolveAutowiredArgument(ConstructorResolver.java:912) ~[spring-beans-7.0.6.jar:7.0.6]
	at org.springframework.beans.factory.support.ConstructorResolver.createArgumentArray(ConstructorResolver.java:791) ~[spring-beans-7.0.6.jar:7.0.6]
	... 120 common frames omitted
Caused by: org.springframework.beans.factory.BeanCreationException: Error creating bean with name 'postgresContainer' defined in class path resource [com/customerprofile/TestcontainersConfiguration.class]: Could not find a valid Docker environment. Please see logs and check configuration
	at org.springframework.beans.factory.support.AbstractAutowireCapableBeanFactory.doCreateBean(AbstractAutowireCapableBeanFactory.java:610) ~[spring-beans-7.0.6.jar:7.0.6]
	at org.springframework.beans.factory.support.AbstractAutowireCapableBeanFactory.createBean(AbstractAutowireCapableBeanFactory.java:525) ~[spring-beans-7.0.6.jar:7.0.6]
	at org.springframework.beans.factory.support.AbstractBeanFactory.lambda$doGetBean$0(AbstractBeanFactory.java:333) ~[spring-beans-7.0.6.jar:7.0.6]
	at org.springframework.beans.factory.support.DefaultSingletonBeanRegistry.getSingleton(DefaultSingletonBeanRegistry.java:371) ~[spring-beans-7.0.6.jar:7.0.6]
	at org.springframework.beans.factory.support.AbstractBeanFactory.doGetBean(AbstractBeanFactory.java:331) ~[spring-beans-7.0.6.jar:7.0.6]
	at org.springframework.beans.factory.support.AbstractBeanFactory.getBean(AbstractBeanFactory.java:201) ~[spring-beans-7.0.6.jar:7.0.6]
	at org.springframework.boot.testcontainers.service.connection.ServiceConnectionAutoConfigurationRegistrar.lambda$createSource$0(ServiceConnectionAutoConfigurationRegistrar.java:107) ~[spring-boot-testcontainers-4.0.5.jar:4.0.5]
	at org.springframework.boot.testcontainers.service.connection.ContainerConnectionDetailsFactory$ContainerConnectionDetails.afterPropertiesSet(ContainerConnectionDetailsFactory.java:187) ~[spring-boot-testcontainers-4.0.5.jar:4.0.5]
	at org.springframework.beans.factory.support.AbstractAutowireCapableBeanFactory.invokeInitMethods(AbstractAutowireCapableBeanFactory.java:1864) ~[spring-beans-7.0.6.jar:7.0.6]
	at org.springframework.beans.factory.support.AbstractAutowireCapableBeanFactory.initializeBean(AbstractAutowireCapableBeanFactory.java:1813) ~[spring-beans-7.0.6.jar:7.0.6]
	... 131 common frames omitted
Caused by: java.lang.IllegalStateException: Could not find a valid Docker environment. Please see logs and check configuration
	at org.testcontainers.dockerclient.DockerClientProviderStrategy.lambda$getFirstValidStrategy$7(DockerClientProviderStrategy.java:274) ~[testcontainers-2.0.4.jar:2.0.4]
	at java.base/java.util.Optional.orElseThrow(Optional.java:403) ~[na:na]
	at org.testcontainers.dockerclient.DockerClientProviderStrategy.getFirstValidStrategy(DockerClientProviderStrategy.java:265) ~[testcontainers-2.0.4.jar:2.0.4]
	at org.testcontainers.DockerClientFactory.getOrInitializeStrategy(DockerClientFactory.java:154) ~[testcontainers-2.0.4.jar:2.0.4]
	at org.testcontainers.DockerClientFactory.client(DockerClientFactory.java:196) ~[testcontainers-2.0.4.jar:2.0.4]
	at org.testcontainers.DockerClientFactory$1.getDockerClient(DockerClientFactory.java:108) ~[testcontainers-2.0.4.jar:2.0.4]
	at com.github.dockerjava.api.DockerClientDelegate.authConfig(DockerClientDelegate.java:111) ~[docker-java-api-3.7.1.jar:na]
	at org.testcontainers.containers.GenericContainer.start(GenericContainer.java:316) ~[testcontainers-2.0.4.jar:2.0.4]
	at org.springframework.boot.testcontainers.lifecycle.TestcontainersStartup.start(TestcontainersStartup.java:109) ~[spring-boot-testcontainers-4.0.5.jar:4.0.5]
	at java.base/java.lang.Iterable.forEach(Iterable.java:75) ~[na:na]
	at org.springframework.boot.testcontainers.lifecycle.TestcontainersStartup$1.start(TestcontainersStartup.java:50) ~[spring-boot-testcontainers-4.0.5.jar:4.0.5]
	at org.springframework.boot.testcontainers.lifecycle.TestcontainersLifecycleBeanPostProcessor.start(TestcontainersLifecycleBeanPostProcessor.java:127) ~[spring-boot-testcontainers-4.0.5.jar:4.0.5]
	at org.springframework.boot.testcontainers.lifecycle.TestcontainersLifecycleBeanPostProcessor.initializeStartables(TestcontainersLifecycleBeanPostProcessor.java:115) ~[spring-boot-testcontainers-4.0.5.jar:4.0.5]
	at org.springframework.boot.testcontainers.lifecycle.TestcontainersLifecycleBeanPostProcessor.postProcessAfterInitialization(TestcontainersLifecycleBeanPostProcessor.java:88) ~[spring-boot-testcontainers-4.0.5.jar:4.0.5]
	at org.springframework.beans.factory.support.AbstractAutowireCapableBeanFactory.applyBeanPostProcessorsAfterInitialization(AbstractAutowireCapableBeanFactory.java:442) ~[spring-beans-7.0.6.jar:7.0.6]
	at org.springframework.beans.factory.support.AbstractAutowireCapableBeanFactory.initializeBean(AbstractAutowireCapableBeanFactory.java:1820) ~[spring-beans-7.0.6.jar:7.0.6]
	at org.springframework.beans.factory.support.AbstractAutowireCapableBeanFactory.doCreateBean(AbstractAutowireCapableBeanFactory.java:603) ~[spring-beans-7.0.6.jar:7.0.6]
	... 140 common frames omitted

2026-03-29T09:11:40.641-07:00  INFO 13888 --- [customerprofile-api] [restartedMain] c.c.CustomerprofileApiApplication        : Starting CustomerprofileApiApplication using Java 21.0.2 with PID 13888 (C:\Users\vinum\Documents\GitProjects\customerprofile-api\build\classes\java\main started by vinum in C:\Users\vinum\Documents\GitProjects\customerprofile-api)
2026-03-29T09:11:40.645-07:00 DEBUG 13888 --- [customerprofile-api] [restartedMain] c.c.CustomerprofileApiApplication        : Running with Spring Boot v4.0.5, Spring v7.0.6
2026-03-29T09:11:40.645-07:00  INFO 13888 --- [customerprofile-api] [restartedMain] c.c.CustomerprofileApiApplication        : The following 1 profile is active: "sit"
2026-03-29T09:11:40.722-07:00  INFO 13888 --- [customerprofile-api] [restartedMain] o.s.c.c.c.ConfigServerConfigDataLoader   : Fetching config from server at : http://localhost:9090
2026-03-29T09:11:40.722-07:00  INFO 13888 --- [customerprofile-api] [restartedMain] o.s.c.c.c.ConfigServerConfigDataLoader   : Located environment: name=customerprofile-api, profiles=[default], label=null, version=5fcece3ead4d5dc93b9d3488e9fbbd3252f4b10d, state=
2026-03-29T09:11:40.723-07:00  INFO 13888 --- [customerprofile-api] [restartedMain] o.s.c.c.c.ConfigServerConfigDataLoader   : Fetching config from server at : http://localhost:9090
2026-03-29T09:11:40.724-07:00  INFO 13888 --- [customerprofile-api] [restartedMain] o.s.c.c.c.ConfigServerConfigDataLoader   : Located environment: name=customerprofile-api, profiles=[sit], label=null, version=5fcece3ead4d5dc93b9d3488e9fbbd3252f4b10d, state=
2026-03-29T09:11:40.736-07:00  INFO 13888 --- [customerprofile-api] [restartedMain] .e.DevToolsPropertyDefaultsPostProcessor : Devtools property defaults active! Set 'spring.devtools.add-properties' to 'false' to disable
2026-03-29T09:11:40.736-07:00  INFO 13888 --- [customerprofile-api] [restartedMain] .e.DevToolsPropertyDefaultsPostProcessor : For additional web related logging consider setting the 'logging.level.web' property to 'DEBUG'
2026-03-29T09:11:42.578-07:00  INFO 13888 --- [customerprofile-api] [restartedMain] .s.d.r.c.RepositoryConfigurationDelegate : Bootstrapping Spring Data JPA repositories in DEFAULT mode.
2026-03-29T09:11:42.676-07:00  INFO 13888 --- [customerprofile-api] [restartedMain] .s.d.r.c.RepositoryConfigurationDelegate : Finished Spring Data repository scanning in 77 ms. Found 1 JPA repository interface.
2026-03-29T09:11:43.128-07:00  INFO 13888 --- [customerprofile-api] [restartedMain] o.s.cloud.context.scope.GenericScope     : BeanFactory id=1f25b4ae-fa0e-376d-a496-7a91d84d4dfe
2026-03-29T09:11:43.945-07:00  INFO 13888 --- [customerprofile-api] [restartedMain] o.s.boot.tomcat.TomcatWebServer          : Tomcat initialized with port 8085 (http)
2026-03-29T09:11:43.966-07:00  INFO 13888 --- [customerprofile-api] [restartedMain] o.apache.catalina.core.StandardService   : Starting service [Tomcat]
2026-03-29T09:11:43.967-07:00  INFO 13888 --- [customerprofile-api] [restartedMain] o.apache.catalina.core.StandardEngine    : Starting Servlet engine: [Apache Tomcat/11.0.20]
2026-03-29T09:11:44.053-07:00  INFO 13888 --- [customerprofile-api] [restartedMain] b.w.c.s.WebApplicationContextInitializer : Root WebApplicationContext: initialization completed in 3317 ms
2026-03-29T09:11:44.438-07:00  INFO 13888 --- [customerprofile-api] [restartedMain] com.zaxxer.hikari.HikariDataSource       : HikariPool-1 - Starting...
2026-03-29T09:11:44.784-07:00  INFO 13888 --- [customerprofile-api] [restartedMain] com.zaxxer.hikari.pool.HikariPool        : HikariPool-1 - Added connection org.postgresql.jdbc.PgConnection@ad16446
2026-03-29T09:11:44.786-07:00  INFO 13888 --- [customerprofile-api] [restartedMain] com.zaxxer.hikari.HikariDataSource       : HikariPool-1 - Start completed.
2026-03-29T09:11:44.828-07:00  INFO 13888 --- [customerprofile-api] [restartedMain] org.hibernate.orm.jpa                    : HHH008540: Processing PersistenceUnitInfo [name: default]
2026-03-29T09:11:44.920-07:00  INFO 13888 --- [customerprofile-api] [restartedMain] org.hibernate.orm.core                   : HHH000001: Hibernate ORM core version 7.2.7.Final
2026-03-29T09:11:45.943-07:00  INFO 13888 --- [customerprofile-api] [restartedMain] o.s.o.j.p.SpringPersistenceUnitInfo      : No LoadTimeWeaver setup: ignoring JPA class transformer
2026-03-29T09:11:46.106-07:00  INFO 13888 --- [customerprofile-api] [restartedMain] org.hibernate.orm.connections.pooling    : HHH10001005: Database info:
	Database JDBC URL [jdbc:postgresql://localhost:5432/postgres]
	Database driver: PostgreSQL JDBC Driver
	Database dialect: PostgreSQLDialect
	Database version: 18.1
	Default catalog/schema: postgres/public
	Autocommit mode: undefined/unknown
	Isolation level: READ_COMMITTED [default READ_COMMITTED]
	JDBC fetch size: none
	Pool: DataSourceConnectionProvider
	Minimum pool size: undefined/unknown
	Maximum pool size: undefined/unknown
2026-03-29T09:11:47.715-07:00  INFO 13888 --- [customerprofile-api] [restartedMain] org.hibernate.orm.core                   : HHH000489: No JTA platform available (set 'hibernate.transaction.jta.platform' to enable JTA platform integration)
2026-03-29T09:11:47.724-07:00  INFO 13888 --- [customerprofile-api] [restartedMain] j.LocalContainerEntityManagerFactoryBean : Initialized JPA EntityManagerFactory for persistence unit 'default'
2026-03-29T09:11:47.855-07:00  INFO 13888 --- [customerprofile-api] [restartedMain] o.s.d.j.r.query.QueryEnhancerFactories   : Hibernate is in classpath; If applicable, HQL parser will be used.
2026-03-29T09:11:49.704-07:00  WARN 13888 --- [customerprofile-api] [restartedMain] JpaBaseConfiguration$JpaWebConfiguration : spring.jpa.open-in-view is enabled by default. Therefore, database queries may be performed during view rendering. Explicitly configure spring.jpa.open-in-view to disable this warning
2026-03-29T09:11:50.933-07:00  INFO 13888 --- [customerprofile-api] [restartedMain] o.s.b.a.e.web.EndpointLinksResolver      : Exposing 16 endpoints beneath base path '/actuator'
2026-03-29T09:11:51.088-07:00  INFO 13888 --- [customerprofile-api] [restartedMain] o.s.boot.tomcat.TomcatWebServer          : Tomcat started on port 8085 (http) with context path '/'
2026-03-29T09:11:51.114-07:00  INFO 13888 --- [customerprofile-api] [restartedMain] c.c.CustomerprofileApiApplication        : Started CustomerprofileApiApplication in 13.262 seconds (process running for 14.298)
2026-03-29T09:11:51.265-07:00  WARN 13888 --- [customerprofile-api] [restartedMain] o.s.core.events.SpringDocAppInitializer  : SpringDoc /v3/api-docs endpoint is enabled by default. To disable it in production, set the property 'springdoc.api-docs.enabled=false'
2026-03-29T09:11:51.266-07:00  WARN 13888 --- [customerprofile-api] [restartedMain] o.s.core.events.SpringDocAppInitializer  : SpringDoc /swagger-ui.html endpoint is enabled by default. To disable it in production, set the property 'springdoc.swagger-ui.enabled=false'
2026-03-29T09:11:58.892-07:00  INFO 13888 --- [customerprofile-api] [http-nio-8085-exec-1] o.a.c.c.C.[Tomcat].[localhost].[/]       : Initializing Spring DispatcherServlet 'dispatcherServlet'
2026-03-29T09:11:58.892-07:00  INFO 13888 --- [customerprofile-api] [http-nio-8085-exec-1] o.s.web.servlet.DispatcherServlet        : Initializing Servlet 'dispatcherServlet'
2026-03-29T09:11:58.896-07:00  INFO 13888 --- [customerprofile-api] [http-nio-8085-exec-1] o.s.web.servlet.DispatcherServlet        : Completed initialization in 4 ms
2026-03-29T09:11:59.558-07:00  INFO 13888 --- [customerprofile-api] [http-nio-8085-exec-4] o.springdoc.api.AbstractOpenApiResource  : Init duration for springdoc-openapi is: 408 ms
2026-03-29T09:12:06.055-07:00  WARN 13888 --- [customerprofile-api] [http-nio-8085-exec-5] .m.m.a.ExceptionHandlerExceptionResolver : Resolved [com.customerprofile.exception.CustomerProfileNotFoundException: Error creating customer profile: Database constraint violation. Please try again.]
2026-03-29T09:14:05.973-07:00  INFO 25248 --- [customerprofile-api] [restartedMain] c.c.CustomerprofileApiApplication        : Starting CustomerprofileApiApplication using Java 21.0.2 with PID 25248 (C:\Users\vinum\Documents\GitProjects\customerprofile-api\build\classes\java\main started by vinum in C:\Users\vinum\Documents\GitProjects\customerprofile-api)
2026-03-29T09:14:05.978-07:00 DEBUG 25248 --- [customerprofile-api] [restartedMain] c.c.CustomerprofileApiApplication        : Running with Spring Boot v4.0.5, Spring v7.0.6
2026-03-29T09:14:05.979-07:00  INFO 25248 --- [customerprofile-api] [restartedMain] c.c.CustomerprofileApiApplication        : The following 1 profile is active: "sit"
2026-03-29T09:14:06.082-07:00  INFO 25248 --- [customerprofile-api] [restartedMain] o.s.c.c.c.ConfigServerConfigDataLoader   : Fetching config from server at : http://localhost:9090
2026-03-29T09:14:06.083-07:00  INFO 25248 --- [customerprofile-api] [restartedMain] o.s.c.c.c.ConfigServerConfigDataLoader   : Located environment: name=customerprofile-api, profiles=[default], label=null, version=5fcece3ead4d5dc93b9d3488e9fbbd3252f4b10d, state=
2026-03-29T09:14:06.086-07:00  INFO 25248 --- [customerprofile-api] [restartedMain] o.s.c.c.c.ConfigServerConfigDataLoader   : Fetching config from server at : http://localhost:9090
2026-03-29T09:14:06.086-07:00  INFO 25248 --- [customerprofile-api] [restartedMain] o.s.c.c.c.ConfigServerConfigDataLoader   : Located environment: name=customerprofile-api, profiles=[sit], label=null, version=5fcece3ead4d5dc93b9d3488e9fbbd3252f4b10d, state=
2026-03-29T09:14:06.091-07:00  INFO 25248 --- [customerprofile-api] [restartedMain] .e.DevToolsPropertyDefaultsPostProcessor : Devtools property defaults active! Set 'spring.devtools.add-properties' to 'false' to disable
2026-03-29T09:14:06.092-07:00  INFO 25248 --- [customerprofile-api] [restartedMain] .e.DevToolsPropertyDefaultsPostProcessor : For additional web related logging consider setting the 'logging.level.web' property to 'DEBUG'
2026-03-29T09:14:09.002-07:00  INFO 25248 --- [customerprofile-api] [restartedMain] .s.d.r.c.RepositoryConfigurationDelegate : Bootstrapping Spring Data JPA repositories in DEFAULT mode.
2026-03-29T09:14:09.206-07:00  INFO 25248 --- [customerprofile-api] [restartedMain] .s.d.r.c.RepositoryConfigurationDelegate : Finished Spring Data repository scanning in 169 ms. Found 1 JPA repository interface.
2026-03-29T09:14:09.955-07:00  INFO 25248 --- [customerprofile-api] [restartedMain] o.s.cloud.context.scope.GenericScope     : BeanFactory id=1f25b4ae-fa0e-376d-a496-7a91d84d4dfe
2026-03-29T09:14:11.180-07:00  INFO 25248 --- [customerprofile-api] [restartedMain] o.s.boot.tomcat.TomcatWebServer          : Tomcat initialized with port 8085 (http)
2026-03-29T09:14:11.212-07:00  INFO 25248 --- [customerprofile-api] [restartedMain] o.apache.catalina.core.StandardService   : Starting service [Tomcat]
2026-03-29T09:14:11.212-07:00  INFO 25248 --- [customerprofile-api] [restartedMain] o.apache.catalina.core.StandardEngine    : Starting Servlet engine: [Apache Tomcat/11.0.20]
2026-03-29T09:14:11.347-07:00  INFO 25248 --- [customerprofile-api] [restartedMain] b.w.c.s.WebApplicationContextInitializer : Root WebApplicationContext: initialization completed in 5255 ms
2026-03-29T09:14:12.152-07:00  INFO 25248 --- [customerprofile-api] [restartedMain] com.zaxxer.hikari.HikariDataSource       : HikariPool-1 - Starting...
2026-03-29T09:14:12.644-07:00  INFO 25248 --- [customerprofile-api] [restartedMain] com.zaxxer.hikari.pool.HikariPool        : HikariPool-1 - Added connection org.postgresql.jdbc.PgConnection@52bb43dc
2026-03-29T09:14:12.648-07:00  INFO 25248 --- [customerprofile-api] [restartedMain] com.zaxxer.hikari.HikariDataSource       : HikariPool-1 - Start completed.
2026-03-29T09:14:12.735-07:00  INFO 25248 --- [customerprofile-api] [restartedMain] org.hibernate.orm.jpa                    : HHH008540: Processing PersistenceUnitInfo [name: default]
2026-03-29T09:14:12.919-07:00  INFO 25248 --- [customerprofile-api] [restartedMain] org.hibernate.orm.core                   : HHH000001: Hibernate ORM core version 7.2.7.Final
2026-03-29T09:14:14.336-07:00  INFO 25248 --- [customerprofile-api] [restartedMain] o.s.o.j.p.SpringPersistenceUnitInfo      : No LoadTimeWeaver setup: ignoring JPA class transformer
2026-03-29T09:14:14.515-07:00  INFO 25248 --- [customerprofile-api] [restartedMain] org.hibernate.orm.connections.pooling    : HHH10001005: Database info:
	Database JDBC URL [jdbc:postgresql://localhost:5432/postgres]
	Database driver: PostgreSQL JDBC Driver
	Database dialect: PostgreSQLDialect
	Database version: 18.1
	Default catalog/schema: postgres/public
	Autocommit mode: undefined/unknown
	Isolation level: READ_COMMITTED [default READ_COMMITTED]
	JDBC fetch size: none
	Pool: DataSourceConnectionProvider
	Minimum pool size: undefined/unknown
	Maximum pool size: undefined/unknown
2026-03-29T09:14:16.084-07:00  INFO 25248 --- [customerprofile-api] [restartedMain] org.hibernate.orm.core                   : HHH000489: No JTA platform available (set 'hibernate.transaction.jta.platform' to enable JTA platform integration)
2026-03-29T09:14:16.096-07:00  INFO 25248 --- [customerprofile-api] [restartedMain] j.LocalContainerEntityManagerFactoryBean : Initialized JPA EntityManagerFactory for persistence unit 'default'
2026-03-29T09:14:16.261-07:00  INFO 25248 --- [customerprofile-api] [restartedMain] o.s.d.j.r.query.QueryEnhancerFactories   : Hibernate is in classpath; If applicable, HQL parser will be used.
2026-03-29T09:14:19.024-07:00  WARN 25248 --- [customerprofile-api] [restartedMain] JpaBaseConfiguration$JpaWebConfiguration : spring.jpa.open-in-view is enabled by default. Therefore, database queries may be performed during view rendering. Explicitly configure spring.jpa.open-in-view to disable this warning
2026-03-29T09:14:21.748-07:00  INFO 25248 --- [customerprofile-api] [restartedMain] o.s.b.a.e.web.EndpointLinksResolver      : Exposing 16 endpoints beneath base path '/actuator'
2026-03-29T09:14:22.892-07:00  INFO 25248 --- [customerprofile-api] [restartedMain] o.s.boot.tomcat.TomcatWebServer          : Tomcat started on port 8085 (http) with context path '/'
2026-03-29T09:14:22.977-07:00  INFO 25248 --- [customerprofile-api] [restartedMain] c.c.CustomerprofileApiApplication        : Started CustomerprofileApiApplication in 20.745 seconds (process running for 22.554)
2026-03-29T09:14:23.326-07:00  INFO 25248 --- [customerprofile-api] [http-nio-8085-exec-2] o.a.c.c.C.[Tomcat].[localhost].[/]       : Initializing Spring DispatcherServlet 'dispatcherServlet'
2026-03-29T09:14:23.328-07:00  INFO 25248 --- [customerprofile-api] [http-nio-8085-exec-2] o.s.web.servlet.DispatcherServlet        : Initializing Servlet 'dispatcherServlet'
2026-03-29T09:14:23.331-07:00  WARN 25248 --- [customerprofile-api] [restartedMain] o.s.core.events.SpringDocAppInitializer  : SpringDoc /v3/api-docs endpoint is enabled by default. To disable it in production, set the property 'springdoc.api-docs.enabled=false'
2026-03-29T09:14:23.332-07:00  WARN 25248 --- [customerprofile-api] [restartedMain] o.s.core.events.SpringDocAppInitializer  : SpringDoc /swagger-ui.html endpoint is enabled by default. To disable it in production, set the property 'springdoc.swagger-ui.enabled=false'
2026-03-29T09:14:23.335-07:00  INFO 25248 --- [customerprofile-api] [http-nio-8085-exec-2] o.s.web.servlet.DispatcherServlet        : Completed initialization in 5 ms
2026-03-29T09:14:24.724-07:00  INFO 25248 --- [customerprofile-api] [http-nio-8085-exec-4] o.springdoc.api.AbstractOpenApiResource  : Init duration for springdoc-openapi is: 791 ms
2026-03-29T09:16:02.526-07:00  WARN 25248 --- [customerprofile-api] [http-nio-8085-exec-8] .m.m.a.ExceptionHandlerExceptionResolver : Resolved [com.customerprofile.exception.CustomerProfileNotFoundException: Error creating customer profile: Database constraint violation. Please try again.]
2026-03-29T10:15:31.624-07:00  INFO 25072 --- [customerprofile-api] [restartedMain] c.c.CustomerprofileApiApplication        : Starting CustomerprofileApiApplication using Java 21.0.2 with PID 25072 (C:\Users\vinum\Documents\GitProjects\customerprofile-api\build\classes\java\main started by vinum in C:\Users\vinum\Documents\GitProjects\customerprofile-api)
2026-03-29T10:15:31.630-07:00 DEBUG 25072 --- [customerprofile-api] [restartedMain] c.c.CustomerprofileApiApplication        : Running with Spring Boot v4.0.5, Spring v7.0.6
2026-03-29T10:15:31.632-07:00  INFO 25072 --- [customerprofile-api] [restartedMain] c.c.CustomerprofileApiApplication        : The following 1 profile is active: "sit"
2026-03-29T10:15:31.736-07:00  INFO 25072 --- [customerprofile-api] [restartedMain] o.s.c.c.c.ConfigServerConfigDataLoader   : Fetching config from server at : http://localhost:9090
2026-03-29T10:15:31.737-07:00  INFO 25072 --- [customerprofile-api] [restartedMain] o.s.c.c.c.ConfigServerConfigDataLoader   : Located environment: name=customerprofile-api, profiles=[default], label=null, version=5fcece3ead4d5dc93b9d3488e9fbbd3252f4b10d, state=
2026-03-29T10:15:31.737-07:00  INFO 25072 --- [customerprofile-api] [restartedMain] o.s.c.c.c.ConfigServerConfigDataLoader   : Fetching config from server at : http://localhost:9090
2026-03-29T10:15:31.738-07:00  INFO 25072 --- [customerprofile-api] [restartedMain] o.s.c.c.c.ConfigServerConfigDataLoader   : Located environment: name=customerprofile-api, profiles=[sit], label=null, version=5fcece3ead4d5dc93b9d3488e9fbbd3252f4b10d, state=
2026-03-29T10:15:31.745-07:00  INFO 25072 --- [customerprofile-api] [restartedMain] .e.DevToolsPropertyDefaultsPostProcessor : Devtools property defaults active! Set 'spring.devtools.add-properties' to 'false' to disable
2026-03-29T10:15:31.745-07:00  INFO 25072 --- [customerprofile-api] [restartedMain] .e.DevToolsPropertyDefaultsPostProcessor : For additional web related logging consider setting the 'logging.level.web' property to 'DEBUG'
2026-03-29T10:15:33.778-07:00  INFO 25072 --- [customerprofile-api] [restartedMain] .s.d.r.c.RepositoryConfigurationDelegate : Bootstrapping Spring Data JPA repositories in DEFAULT mode.
2026-03-29T10:15:33.896-07:00  INFO 25072 --- [customerprofile-api] [restartedMain] .s.d.r.c.RepositoryConfigurationDelegate : Finished Spring Data repository scanning in 91 ms. Found 1 JPA repository interface.
2026-03-29T10:15:34.427-07:00  INFO 25072 --- [customerprofile-api] [restartedMain] o.s.cloud.context.scope.GenericScope     : BeanFactory id=1f25b4ae-fa0e-376d-a496-7a91d84d4dfe
2026-03-29T10:15:35.441-07:00  INFO 25072 --- [customerprofile-api] [restartedMain] o.s.boot.tomcat.TomcatWebServer          : Tomcat initialized with port 8085 (http)
2026-03-29T10:15:35.469-07:00  INFO 25072 --- [customerprofile-api] [restartedMain] o.apache.catalina.core.StandardService   : Starting service [Tomcat]
2026-03-29T10:15:35.470-07:00  INFO 25072 --- [customerprofile-api] [restartedMain] o.apache.catalina.core.StandardEngine    : Starting Servlet engine: [Apache Tomcat/11.0.20]
2026-03-29T10:15:35.585-07:00  INFO 25072 --- [customerprofile-api] [restartedMain] b.w.c.s.WebApplicationContextInitializer : Root WebApplicationContext: initialization completed in 3839 ms
2026-03-29T10:15:36.126-07:00  INFO 25072 --- [customerprofile-api] [restartedMain] com.zaxxer.hikari.HikariDataSource       : HikariPool-1 - Starting...
2026-03-29T10:15:36.441-07:00  INFO 25072 --- [customerprofile-api] [restartedMain] com.zaxxer.hikari.pool.HikariPool        : HikariPool-1 - Added connection org.postgresql.jdbc.PgConnection@335f3351
2026-03-29T10:15:36.445-07:00  INFO 25072 --- [customerprofile-api] [restartedMain] com.zaxxer.hikari.HikariDataSource       : HikariPool-1 - Start completed.
2026-03-29T10:15:36.531-07:00  INFO 25072 --- [customerprofile-api] [restartedMain] org.hibernate.orm.jpa                    : HHH008540: Processing PersistenceUnitInfo [name: default]
2026-03-29T10:15:36.663-07:00  INFO 25072 --- [customerprofile-api] [restartedMain] org.hibernate.orm.core                   : HHH000001: Hibernate ORM core version 7.2.7.Final
2026-03-29T10:15:37.790-07:00  INFO 25072 --- [customerprofile-api] [restartedMain] o.s.o.j.p.SpringPersistenceUnitInfo      : No LoadTimeWeaver setup: ignoring JPA class transformer
2026-03-29T10:15:37.933-07:00  INFO 25072 --- [customerprofile-api] [restartedMain] org.hibernate.orm.connections.pooling    : HHH10001005: Database info:
	Database JDBC URL [jdbc:postgresql://localhost:5432/postgres]
	Database driver: PostgreSQL JDBC Driver
	Database dialect: PostgreSQLDialect
	Database version: 18.1
	Default catalog/schema: postgres/public
	Autocommit mode: undefined/unknown
	Isolation level: READ_COMMITTED [default READ_COMMITTED]
	JDBC fetch size: none
	Pool: DataSourceConnectionProvider
	Minimum pool size: undefined/unknown
	Maximum pool size: undefined/unknown
2026-03-29T10:15:39.157-07:00  INFO 25072 --- [customerprofile-api] [restartedMain] org.hibernate.orm.core                   : HHH000489: No JTA platform available (set 'hibernate.transaction.jta.platform' to enable JTA platform integration)
2026-03-29T10:15:39.167-07:00  INFO 25072 --- [customerprofile-api] [restartedMain] j.LocalContainerEntityManagerFactoryBean : Initialized JPA EntityManagerFactory for persistence unit 'default'
2026-03-29T10:15:39.298-07:00  INFO 25072 --- [customerprofile-api] [restartedMain] o.s.d.j.r.query.QueryEnhancerFactories   : Hibernate is in classpath; If applicable, HQL parser will be used.
2026-03-29T10:15:40.913-07:00  WARN 25072 --- [customerprofile-api] [restartedMain] JpaBaseConfiguration$JpaWebConfiguration : spring.jpa.open-in-view is enabled by default. Therefore, database queries may be performed during view rendering. Explicitly configure spring.jpa.open-in-view to disable this warning
2026-03-29T10:15:42.868-07:00  INFO 25072 --- [customerprofile-api] [restartedMain] o.s.b.a.e.web.EndpointLinksResolver      : Exposing 16 endpoints beneath base path '/actuator'
2026-03-29T10:15:43.095-07:00  WARN 25072 --- [customerprofile-api] [restartedMain] ConfigServletWebServerApplicationContext : Exception encountered during context initialization - cancelling refresh attempt: org.springframework.context.ApplicationContextException: Failed to start bean 'webServerStartStop'
2026-03-29T10:15:43.109-07:00  INFO 25072 --- [customerprofile-api] [restartedMain] j.LocalContainerEntityManagerFactoryBean : Closing JPA EntityManagerFactory for persistence unit 'default'
2026-03-29T10:15:43.121-07:00  INFO 25072 --- [customerprofile-api] [restartedMain] com.zaxxer.hikari.HikariDataSource       : HikariPool-1 - Shutdown initiated...
2026-03-29T10:15:43.138-07:00  INFO 25072 --- [customerprofile-api] [restartedMain] com.zaxxer.hikari.HikariDataSource       : HikariPool-1 - Shutdown completed.
2026-03-29T10:15:43.189-07:00  INFO 25072 --- [customerprofile-api] [restartedMain] .s.b.a.l.ConditionEvaluationReportLogger : 

Error starting ApplicationContext. To display the condition evaluation report re-run your application with 'debug' enabled.
2026-03-29T10:15:43.249-07:00 ERROR 25072 --- [customerprofile-api] [restartedMain] o.s.b.d.LoggingFailureAnalysisReporter   : 

***************************
APPLICATION FAILED TO START
***************************

Description:

Web server failed to start. Port 8085 was already in use.

Action:

Identify and stop the process that's listening on port 8085 or configure this application to listen on another port.

2026-03-29T12:42:18.272-07:00  WARN 25248 --- [customerprofile-api] [HikariPool-1:housekeeper] com.zaxxer.hikari.pool.HikariPool        : HikariPool-1 - Thread starvation or clock leap detected (housekeeper delta=15m32s362ms794µs).
2026-03-29T12:43:05.740-07:00  INFO 29148 --- [customerprofile-api] [restartedMain] c.c.CustomerprofileApiApplication        : Starting CustomerprofileApiApplication using Java 21.0.2 with PID 29148 (C:\Users\vinum\Documents\GitProjects\customerprofile-api\build\classes\java\main started by vinum in C:\Users\vinum\Documents\GitProjects\customerprofile-api)
2026-03-29T12:43:05.752-07:00 DEBUG 29148 --- [customerprofile-api] [restartedMain] c.c.CustomerprofileApiApplication        : Running with Spring Boot v4.0.5, Spring v7.0.6
2026-03-29T12:43:05.755-07:00  INFO 29148 --- [customerprofile-api] [restartedMain] c.c.CustomerprofileApiApplication        : The following 1 profile is active: "sit"
2026-03-29T12:43:05.869-07:00  INFO 29148 --- [customerprofile-api] [restartedMain] o.s.c.c.c.ConfigServerConfigDataLoader   : Fetching config from server at : http://localhost:9090
2026-03-29T12:43:05.870-07:00  INFO 29148 --- [customerprofile-api] [restartedMain] o.s.c.c.c.ConfigServerConfigDataLoader   : Located environment: name=customerprofile-api, profiles=[default], label=null, version=5fcece3ead4d5dc93b9d3488e9fbbd3252f4b10d, state=
2026-03-29T12:43:05.872-07:00  INFO 29148 --- [customerprofile-api] [restartedMain] o.s.c.c.c.ConfigServerConfigDataLoader   : Fetching config from server at : http://localhost:9090
2026-03-29T12:43:05.872-07:00  INFO 29148 --- [customerprofile-api] [restartedMain] o.s.c.c.c.ConfigServerConfigDataLoader   : Located environment: name=customerprofile-api, profiles=[sit], label=null, version=5fcece3ead4d5dc93b9d3488e9fbbd3252f4b10d, state=
2026-03-29T12:43:05.877-07:00  INFO 29148 --- [customerprofile-api] [restartedMain] .e.DevToolsPropertyDefaultsPostProcessor : Devtools property defaults active! Set 'spring.devtools.add-properties' to 'false' to disable
2026-03-29T12:43:05.878-07:00  INFO 29148 --- [customerprofile-api] [restartedMain] .e.DevToolsPropertyDefaultsPostProcessor : For additional web related logging consider setting the 'logging.level.web' property to 'DEBUG'
2026-03-29T12:43:08.467-07:00  INFO 29148 --- [customerprofile-api] [restartedMain] .s.d.r.c.RepositoryConfigurationDelegate : Bootstrapping Spring Data JPA repositories in DEFAULT mode.
2026-03-29T12:43:08.587-07:00  INFO 29148 --- [customerprofile-api] [restartedMain] .s.d.r.c.RepositoryConfigurationDelegate : Finished Spring Data repository scanning in 94 ms. Found 1 JPA repository interface.
2026-03-29T12:43:09.146-07:00  INFO 29148 --- [customerprofile-api] [restartedMain] o.s.cloud.context.scope.GenericScope     : BeanFactory id=1f25b4ae-fa0e-376d-a496-7a91d84d4dfe
2026-03-29T12:43:10.230-07:00  INFO 29148 --- [customerprofile-api] [restartedMain] o.s.boot.tomcat.TomcatWebServer          : Tomcat initialized with port 8085 (http)
2026-03-29T12:43:10.261-07:00  INFO 29148 --- [customerprofile-api] [restartedMain] o.apache.catalina.core.StandardService   : Starting service [Tomcat]
2026-03-29T12:43:10.262-07:00  INFO 29148 --- [customerprofile-api] [restartedMain] o.apache.catalina.core.StandardEngine    : Starting Servlet engine: [Apache Tomcat/11.0.20]
2026-03-29T12:43:10.390-07:00  INFO 29148 --- [customerprofile-api] [restartedMain] b.w.c.s.WebApplicationContextInitializer : Root WebApplicationContext: initialization completed in 4510 ms
2026-03-29T12:43:10.938-07:00  INFO 29148 --- [customerprofile-api] [restartedMain] com.zaxxer.hikari.HikariDataSource       : HikariPool-1 - Starting...
2026-03-29T12:43:11.360-07:00  INFO 29148 --- [customerprofile-api] [restartedMain] com.zaxxer.hikari.pool.HikariPool        : HikariPool-1 - Added connection org.postgresql.jdbc.PgConnection@55b12110
2026-03-29T12:43:11.366-07:00  INFO 29148 --- [customerprofile-api] [restartedMain] com.zaxxer.hikari.HikariDataSource       : HikariPool-1 - Start completed.
2026-03-29T12:43:11.449-07:00  INFO 29148 --- [customerprofile-api] [restartedMain] org.hibernate.orm.jpa                    : HHH008540: Processing PersistenceUnitInfo [name: default]
2026-03-29T12:43:11.647-07:00  INFO 29148 --- [customerprofile-api] [restartedMain] org.hibernate.orm.core                   : HHH000001: Hibernate ORM core version 7.2.7.Final
2026-03-29T12:43:12.800-07:00  INFO 29148 --- [customerprofile-api] [restartedMain] o.s.o.j.p.SpringPersistenceUnitInfo      : No LoadTimeWeaver setup: ignoring JPA class transformer
2026-03-29T12:43:12.983-07:00  INFO 29148 --- [customerprofile-api] [restartedMain] org.hibernate.orm.connections.pooling    : HHH10001005: Database info:
	Database JDBC URL [jdbc:postgresql://localhost:5432/postgres]
	Database driver: PostgreSQL JDBC Driver
	Database dialect: PostgreSQLDialect
	Database version: 18.1
	Default catalog/schema: postgres/public
	Autocommit mode: undefined/unknown
	Isolation level: READ_COMMITTED [default READ_COMMITTED]
	JDBC fetch size: none
	Pool: DataSourceConnectionProvider
	Minimum pool size: undefined/unknown
	Maximum pool size: undefined/unknown
2026-03-29T12:43:14.520-07:00  INFO 29148 --- [customerprofile-api] [restartedMain] org.hibernate.orm.core                   : HHH000489: No JTA platform available (set 'hibernate.transaction.jta.platform' to enable JTA platform integration)
2026-03-29T12:43:14.534-07:00  INFO 29148 --- [customerprofile-api] [restartedMain] j.LocalContainerEntityManagerFactoryBean : Initialized JPA EntityManagerFactory for persistence unit 'default'
2026-03-29T12:43:14.695-07:00  INFO 29148 --- [customerprofile-api] [restartedMain] o.s.d.j.r.query.QueryEnhancerFactories   : Hibernate is in classpath; If applicable, HQL parser will be used.
2026-03-29T12:43:16.377-07:00  WARN 29148 --- [customerprofile-api] [restartedMain] JpaBaseConfiguration$JpaWebConfiguration : spring.jpa.open-in-view is enabled by default. Therefore, database queries may be performed during view rendering. Explicitly configure spring.jpa.open-in-view to disable this warning
2026-03-29T12:43:18.616-07:00  INFO 29148 --- [customerprofile-api] [restartedMain] o.s.b.a.e.web.EndpointLinksResolver      : Exposing 16 endpoints beneath base path '/actuator'
2026-03-29T12:43:20.938-07:00  INFO 29148 --- [customerprofile-api] [restartedMain] o.s.boot.tomcat.TomcatWebServer          : Tomcat started on port 8085 (http) with context path '/'
2026-03-29T12:43:20.976-07:00  INFO 29148 --- [customerprofile-api] [restartedMain] c.c.CustomerprofileApiApplication        : Started CustomerprofileApiApplication in 23.105 seconds (process running for 25.849)
2026-03-29T12:43:24.704-07:00  WARN 29148 --- [customerprofile-api] [restartedMain] o.s.core.events.SpringDocAppInitializer  : SpringDoc /v3/api-docs endpoint is enabled by default. To disable it in production, set the property 'springdoc.api-docs.enabled=false'
2026-03-29T12:43:24.708-07:00  WARN 29148 --- [customerprofile-api] [restartedMain] o.s.core.events.SpringDocAppInitializer  : SpringDoc /swagger-ui.html endpoint is enabled by default. To disable it in production, set the property 'springdoc.swagger-ui.enabled=false'
2026-03-29T12:43:31.834-07:00  INFO 29148 --- [customerprofile-api] [http-nio-8085-exec-1] o.a.c.c.C.[Tomcat].[localhost].[/]       : Initializing Spring DispatcherServlet 'dispatcherServlet'
2026-03-29T12:43:31.835-07:00  INFO 29148 --- [customerprofile-api] [http-nio-8085-exec-1] o.s.web.servlet.DispatcherServlet        : Initializing Servlet 'dispatcherServlet'
2026-03-29T12:43:31.838-07:00  INFO 29148 --- [customerprofile-api] [http-nio-8085-exec-1] o.s.web.servlet.DispatcherServlet        : Completed initialization in 2 ms
2026-03-29T12:43:35.153-07:00  INFO 29148 --- [customerprofile-api] [http-nio-8085-exec-6] o.springdoc.api.AbstractOpenApiResource  : Init duration for springdoc-openapi is: 588 ms
2026-03-29T12:43:41.581-07:00  WARN 29148 --- [customerprofile-api] [http-nio-8085-exec-10] .m.m.a.ExceptionHandlerExceptionResolver : Resolved [com.customerprofile.exception.CustomerProfileNotFoundException: Error creating customer profile: Database constraint violation. Please try again.]
2026-03-29T12:45:08.167-07:00  INFO 13280 --- [customerprofile-api] [restartedMain] c.c.CustomerprofileApiApplication        : Starting CustomerprofileApiApplication using Java 21.0.2 with PID 13280 (C:\Users\vinum\Documents\GitProjects\customerprofile-api\build\classes\java\main started by vinum in C:\Users\vinum\Documents\GitProjects\customerprofile-api)
2026-03-29T12:45:08.171-07:00 DEBUG 13280 --- [customerprofile-api] [restartedMain] c.c.CustomerprofileApiApplication        : Running with Spring Boot v4.0.5, Spring v7.0.6
2026-03-29T12:45:08.173-07:00  INFO 13280 --- [customerprofile-api] [restartedMain] c.c.CustomerprofileApiApplication        : The following 1 profile is active: "sit"
2026-03-29T12:45:08.261-07:00  INFO 13280 --- [customerprofile-api] [restartedMain] o.s.c.c.c.ConfigServerConfigDataLoader   : Fetching config from server at : http://localhost:9090
2026-03-29T12:45:08.261-07:00  INFO 13280 --- [customerprofile-api] [restartedMain] o.s.c.c.c.ConfigServerConfigDataLoader   : Located environment: name=customerprofile-api, profiles=[default], label=null, version=5fcece3ead4d5dc93b9d3488e9fbbd3252f4b10d, state=
2026-03-29T12:45:08.265-07:00  INFO 13280 --- [customerprofile-api] [restartedMain] o.s.c.c.c.ConfigServerConfigDataLoader   : Fetching config from server at : http://localhost:9090
2026-03-29T12:45:08.266-07:00  INFO 13280 --- [customerprofile-api] [restartedMain] o.s.c.c.c.ConfigServerConfigDataLoader   : Located environment: name=customerprofile-api, profiles=[sit], label=null, version=5fcece3ead4d5dc93b9d3488e9fbbd3252f4b10d, state=
2026-03-29T12:45:08.272-07:00  INFO 13280 --- [customerprofile-api] [restartedMain] .e.DevToolsPropertyDefaultsPostProcessor : Devtools property defaults active! Set 'spring.devtools.add-properties' to 'false' to disable
2026-03-29T12:45:08.273-07:00  INFO 13280 --- [customerprofile-api] [restartedMain] .e.DevToolsPropertyDefaultsPostProcessor : For additional web related logging consider setting the 'logging.level.web' property to 'DEBUG'
2026-03-29T12:45:11.084-07:00  INFO 13280 --- [customerprofile-api] [restartedMain] .s.d.r.c.RepositoryConfigurationDelegate : Bootstrapping Spring Data JPA repositories in DEFAULT mode.
2026-03-29T12:45:11.259-07:00  INFO 13280 --- [customerprofile-api] [restartedMain] .s.d.r.c.RepositoryConfigurationDelegate : Finished Spring Data repository scanning in 151 ms. Found 1 JPA repository interface.
2026-03-29T12:45:11.764-07:00  INFO 13280 --- [customerprofile-api] [restartedMain] o.s.cloud.context.scope.GenericScope     : BeanFactory id=1f25b4ae-fa0e-376d-a496-7a91d84d4dfe
2026-03-29T12:45:12.951-07:00  INFO 13280 --- [customerprofile-api] [restartedMain] o.s.boot.tomcat.TomcatWebServer          : Tomcat initialized with port 8085 (http)
2026-03-29T12:45:12.992-07:00  INFO 13280 --- [customerprofile-api] [restartedMain] o.apache.catalina.core.StandardService   : Starting service [Tomcat]
2026-03-29T12:45:12.992-07:00  INFO 13280 --- [customerprofile-api] [restartedMain] o.apache.catalina.core.StandardEngine    : Starting Servlet engine: [Apache Tomcat/11.0.20]
2026-03-29T12:45:13.161-07:00  INFO 13280 --- [customerprofile-api] [restartedMain] b.w.c.s.WebApplicationContextInitializer : Root WebApplicationContext: initialization completed in 4886 ms
2026-03-29T12:45:13.757-07:00  INFO 13280 --- [customerprofile-api] [restartedMain] com.zaxxer.hikari.HikariDataSource       : HikariPool-1 - Starting...
2026-03-29T12:45:14.059-07:00  INFO 13280 --- [customerprofile-api] [restartedMain] com.zaxxer.hikari.pool.HikariPool        : HikariPool-1 - Added connection org.postgresql.jdbc.PgConnection@3ec31e1e
2026-03-29T12:45:14.062-07:00  INFO 13280 --- [customerprofile-api] [restartedMain] com.zaxxer.hikari.HikariDataSource       : HikariPool-1 - Start completed.
2026-03-29T12:45:14.122-07:00  INFO 13280 --- [customerprofile-api] [restartedMain] org.hibernate.orm.jpa                    : HHH008540: Processing PersistenceUnitInfo [name: default]
2026-03-29T12:45:14.253-07:00  INFO 13280 --- [customerprofile-api] [restartedMain] org.hibernate.orm.core                   : HHH000001: Hibernate ORM core version 7.2.7.Final
2026-03-29T12:45:15.110-07:00  INFO 13280 --- [customerprofile-api] [restartedMain] o.s.o.j.p.SpringPersistenceUnitInfo      : No LoadTimeWeaver setup: ignoring JPA class transformer
2026-03-29T12:45:15.275-07:00  INFO 13280 --- [customerprofile-api] [restartedMain] org.hibernate.orm.connections.pooling    : HHH10001005: Database info:
	Database JDBC URL [jdbc:postgresql://localhost:5432/postgres]
	Database driver: PostgreSQL JDBC Driver
	Database dialect: PostgreSQLDialect
	Database version: 18.1
	Default catalog/schema: postgres/public
	Autocommit mode: undefined/unknown
	Isolation level: READ_COMMITTED [default READ_COMMITTED]
	JDBC fetch size: none
	Pool: DataSourceConnectionProvider
	Minimum pool size: undefined/unknown
	Maximum pool size: undefined/unknown
2026-03-29T12:45:16.433-07:00  INFO 13280 --- [customerprofile-api] [restartedMain] org.hibernate.orm.core                   : HHH000489: No JTA platform available (set 'hibernate.transaction.jta.platform' to enable JTA platform integration)
2026-03-29T12:45:16.449-07:00  INFO 13280 --- [customerprofile-api] [restartedMain] j.LocalContainerEntityManagerFactoryBean : Initialized JPA EntityManagerFactory for persistence unit 'default'
2026-03-29T12:45:16.600-07:00  INFO 13280 --- [customerprofile-api] [restartedMain] o.s.d.j.r.query.QueryEnhancerFactories   : Hibernate is in classpath; If applicable, HQL parser will be used.
2026-03-29T12:45:18.458-07:00  WARN 13280 --- [customerprofile-api] [restartedMain] JpaBaseConfiguration$JpaWebConfiguration : spring.jpa.open-in-view is enabled by default. Therefore, database queries may be performed during view rendering. Explicitly configure spring.jpa.open-in-view to disable this warning
2026-03-29T12:45:19.768-07:00  INFO 13280 --- [customerprofile-api] [restartedMain] o.s.b.a.e.web.EndpointLinksResolver      : Exposing 16 endpoints beneath base path '/actuator'
2026-03-29T12:45:19.901-07:00  INFO 13280 --- [customerprofile-api] [restartedMain] o.s.boot.tomcat.TomcatWebServer          : Tomcat started on port 8085 (http) with context path '/'
2026-03-29T12:45:19.925-07:00  INFO 13280 --- [customerprofile-api] [restartedMain] c.c.CustomerprofileApiApplication        : Started CustomerprofileApiApplication in 16.073 seconds (process running for 17.191)
2026-03-29T12:45:20.053-07:00  WARN 13280 --- [customerprofile-api] [restartedMain] o.s.core.events.SpringDocAppInitializer  : SpringDoc /v3/api-docs endpoint is enabled by default. To disable it in production, set the property 'springdoc.api-docs.enabled=false'
2026-03-29T12:45:20.053-07:00  WARN 13280 --- [customerprofile-api] [restartedMain] o.s.core.events.SpringDocAppInitializer  : SpringDoc /swagger-ui.html endpoint is enabled by default. To disable it in production, set the property 'springdoc.swagger-ui.enabled=false'
2026-03-29T12:55:47.748-07:00  INFO 13280 --- [customerprofile-api] [http-nio-8085-exec-1] o.a.c.c.C.[Tomcat].[localhost].[/]       : Initializing Spring DispatcherServlet 'dispatcherServlet'
2026-03-29T12:55:47.750-07:00  INFO 13280 --- [customerprofile-api] [http-nio-8085-exec-1] o.s.web.servlet.DispatcherServlet        : Initializing Servlet 'dispatcherServlet'
2026-03-29T12:55:47.754-07:00  INFO 13280 --- [customerprofile-api] [http-nio-8085-exec-1] o.s.web.servlet.DispatcherServlet        : Completed initialization in 4 ms
2026-03-29T12:55:48.714-07:00  INFO 13280 --- [customerprofile-api] [http-nio-8085-exec-4] o.springdoc.api.AbstractOpenApiResource  : Init duration for springdoc-openapi is: 391 ms
2026-03-29T12:55:54.121-07:00  WARN 13280 --- [customerprofile-api] [http-nio-8085-exec-5] .m.m.a.ExceptionHandlerExceptionResolver : Resolved [com.customerprofile.exception.CustomerProfileNotFoundException: Error creating customer profile: Database constraint violation. Please try again.]
2026-03-29T12:57:14.580-07:00  INFO 9376 --- [customerprofile-api] [restartedMain] c.c.CustomerprofileApiApplication        : Starting CustomerprofileApiApplication using Java 21.0.2 with PID 9376 (C:\Users\vinum\Documents\GitProjects\customerprofile-api\build\classes\java\main started by vinum in C:\Users\vinum\Documents\GitProjects\customerprofile-api)
2026-03-29T12:57:14.585-07:00 DEBUG 9376 --- [customerprofile-api] [restartedMain] c.c.CustomerprofileApiApplication        : Running with Spring Boot v4.0.5, Spring v7.0.6
2026-03-29T12:57:14.587-07:00  INFO 9376 --- [customerprofile-api] [restartedMain] c.c.CustomerprofileApiApplication        : The following 1 profile is active: "sit"
2026-03-29T12:57:14.703-07:00  INFO 9376 --- [customerprofile-api] [restartedMain] o.s.c.c.c.ConfigServerConfigDataLoader   : Fetching config from server at : http://localhost:9090
2026-03-29T12:57:14.703-07:00  INFO 9376 --- [customerprofile-api] [restartedMain] o.s.c.c.c.ConfigServerConfigDataLoader   : Located environment: name=customerprofile-api, profiles=[default], label=null, version=5fcece3ead4d5dc93b9d3488e9fbbd3252f4b10d, state=
2026-03-29T12:57:14.704-07:00  INFO 9376 --- [customerprofile-api] [restartedMain] o.s.c.c.c.ConfigServerConfigDataLoader   : Fetching config from server at : http://localhost:9090
2026-03-29T12:57:14.706-07:00  INFO 9376 --- [customerprofile-api] [restartedMain] o.s.c.c.c.ConfigServerConfigDataLoader   : Located environment: name=customerprofile-api, profiles=[sit], label=null, version=5fcece3ead4d5dc93b9d3488e9fbbd3252f4b10d, state=
2026-03-29T12:57:14.711-07:00  INFO 9376 --- [customerprofile-api] [restartedMain] .e.DevToolsPropertyDefaultsPostProcessor : Devtools property defaults active! Set 'spring.devtools.add-properties' to 'false' to disable
2026-03-29T12:57:14.711-07:00  INFO 9376 --- [customerprofile-api] [restartedMain] .e.DevToolsPropertyDefaultsPostProcessor : For additional web related logging consider setting the 'logging.level.web' property to 'DEBUG'
2026-03-29T12:57:16.549-07:00  INFO 9376 --- [customerprofile-api] [restartedMain] .s.d.r.c.RepositoryConfigurationDelegate : Bootstrapping Spring Data JPA repositories in DEFAULT mode.
2026-03-29T12:57:16.836-07:00  INFO 9376 --- [customerprofile-api] [restartedMain] .s.d.r.c.RepositoryConfigurationDelegate : Finished Spring Data repository scanning in 157 ms. Found 1 JPA repository interface.
2026-03-29T12:57:17.675-07:00  INFO 9376 --- [customerprofile-api] [restartedMain] o.s.cloud.context.scope.GenericScope     : BeanFactory id=1f25b4ae-fa0e-376d-a496-7a91d84d4dfe
2026-03-29T12:57:19.045-07:00  INFO 9376 --- [customerprofile-api] [restartedMain] o.s.boot.tomcat.TomcatWebServer          : Tomcat initialized with port 8085 (http)
2026-03-29T12:57:19.072-07:00  INFO 9376 --- [customerprofile-api] [restartedMain] o.apache.catalina.core.StandardService   : Starting service [Tomcat]
2026-03-29T12:57:19.073-07:00  INFO 9376 --- [customerprofile-api] [restartedMain] o.apache.catalina.core.StandardEngine    : Starting Servlet engine: [Apache Tomcat/11.0.20]
2026-03-29T12:57:19.183-07:00  INFO 9376 --- [customerprofile-api] [restartedMain] b.w.c.s.WebApplicationContextInitializer : Root WebApplicationContext: initialization completed in 4468 ms
2026-03-29T12:57:19.607-07:00  INFO 9376 --- [customerprofile-api] [restartedMain] com.zaxxer.hikari.HikariDataSource       : HikariPool-1 - Starting...
2026-03-29T12:57:19.852-07:00  INFO 9376 --- [customerprofile-api] [restartedMain] com.zaxxer.hikari.pool.HikariPool        : HikariPool-1 - Added connection org.postgresql.jdbc.PgConnection@574bab2c
2026-03-29T12:57:19.854-07:00  INFO 9376 --- [customerprofile-api] [restartedMain] com.zaxxer.hikari.HikariDataSource       : HikariPool-1 - Start completed.
2026-03-29T12:57:19.906-07:00  INFO 9376 --- [customerprofile-api] [restartedMain] org.hibernate.orm.jpa                    : HHH008540: Processing PersistenceUnitInfo [name: default]
2026-03-29T12:57:19.994-07:00  INFO 9376 --- [customerprofile-api] [restartedMain] org.hibernate.orm.core                   : HHH000001: Hibernate ORM core version 7.2.7.Final
2026-03-29T12:57:20.649-07:00  INFO 9376 --- [customerprofile-api] [restartedMain] o.s.o.j.p.SpringPersistenceUnitInfo      : No LoadTimeWeaver setup: ignoring JPA class transformer
2026-03-29T12:57:20.787-07:00  INFO 9376 --- [customerprofile-api] [restartedMain] org.hibernate.orm.connections.pooling    : HHH10001005: Database info:
	Database JDBC URL [jdbc:postgresql://localhost:5432/postgres]
	Database driver: PostgreSQL JDBC Driver
	Database dialect: PostgreSQLDialect
	Database version: 18.1
	Default catalog/schema: postgres/public
	Autocommit mode: undefined/unknown
	Isolation level: READ_COMMITTED [default READ_COMMITTED]
	JDBC fetch size: none
	Pool: DataSourceConnectionProvider
	Minimum pool size: undefined/unknown
	Maximum pool size: undefined/unknown
2026-03-29T12:57:21.736-07:00  INFO 9376 --- [customerprofile-api] [restartedMain] org.hibernate.orm.core                   : HHH000489: No JTA platform available (set 'hibernate.transaction.jta.platform' to enable JTA platform integration)
2026-03-29T12:57:21.746-07:00  INFO 9376 --- [customerprofile-api] [restartedMain] j.LocalContainerEntityManagerFactoryBean : Initialized JPA EntityManagerFactory for persistence unit 'default'
2026-03-29T12:57:21.888-07:00  INFO 9376 --- [customerprofile-api] [restartedMain] o.s.d.j.r.query.QueryEnhancerFactories   : Hibernate is in classpath; If applicable, HQL parser will be used.
2026-03-29T12:57:23.143-07:00  WARN 9376 --- [customerprofile-api] [restartedMain] JpaBaseConfiguration$JpaWebConfiguration : spring.jpa.open-in-view is enabled by default. Therefore, database queries may be performed during view rendering. Explicitly configure spring.jpa.open-in-view to disable this warning
2026-03-29T12:57:24.379-07:00  INFO 9376 --- [customerprofile-api] [restartedMain] o.s.b.a.e.web.EndpointLinksResolver      : Exposing 16 endpoints beneath base path '/actuator'
2026-03-29T12:57:24.504-07:00  INFO 9376 --- [customerprofile-api] [restartedMain] o.s.boot.tomcat.TomcatWebServer          : Tomcat started on port 8085 (http) with context path '/'
2026-03-29T12:57:24.529-07:00  INFO 9376 --- [customerprofile-api] [restartedMain] c.c.CustomerprofileApiApplication        : Started CustomerprofileApiApplication in 12.636 seconds (process running for 13.636)
2026-03-29T12:57:24.791-07:00  WARN 9376 --- [customerprofile-api] [restartedMain] o.s.core.events.SpringDocAppInitializer  : SpringDoc /v3/api-docs endpoint is enabled by default. To disable it in production, set the property 'springdoc.api-docs.enabled=false'
2026-03-29T12:57:24.796-07:00  WARN 9376 --- [customerprofile-api] [restartedMain] o.s.core.events.SpringDocAppInitializer  : SpringDoc /swagger-ui.html endpoint is enabled by default. To disable it in production, set the property 'springdoc.swagger-ui.enabled=false'
2026-03-29T12:57:26.656-07:00  INFO 9376 --- [customerprofile-api] [http-nio-8085-exec-1] o.a.c.c.C.[Tomcat].[localhost].[/]       : Initializing Spring DispatcherServlet 'dispatcherServlet'
2026-03-29T12:57:26.657-07:00  INFO 9376 --- [customerprofile-api] [http-nio-8085-exec-1] o.s.web.servlet.DispatcherServlet        : Initializing Servlet 'dispatcherServlet'
2026-03-29T12:57:26.659-07:00  INFO 9376 --- [customerprofile-api] [http-nio-8085-exec-1] o.s.web.servlet.DispatcherServlet        : Completed initialization in 2 ms
2026-03-29T12:57:27.279-07:00  INFO 9376 --- [customerprofile-api] [http-nio-8085-exec-4] o.springdoc.api.AbstractOpenApiResource  : Init duration for springdoc-openapi is: 368 ms
2026-03-29T12:57:32.779-07:00  WARN 9376 --- [customerprofile-api] [http-nio-8085-exec-5] .m.m.a.ExceptionHandlerExceptionResolver : Resolved [com.customerprofile.exception.CustomerProfileNotFoundException: Error creating customer profile: Database constraint violation. Please try again.]
2026-03-29T12:57:46.230-07:00  WARN 9376 --- [customerprofile-api] [http-nio-8085-exec-6] .m.m.a.ExceptionHandlerExceptionResolver : Resolved [com.customerprofile.exception.CustomerProfileNotFoundException: Error creating customer profile: Database constraint violation. Please try again.]
2026-03-29T12:58:11.683-07:00  WARN 9376 --- [customerprofile-api] [http-nio-8085-exec-7] .m.m.a.ExceptionHandlerExceptionResolver : Resolved [com.customerprofile.exception.CustomerProfileNotFoundException: Error creating customer profile: Database constraint violation. Please try again.]
2026-03-29T17:07:19.905-07:00  INFO 22752 --- [customerprofile-api] [restartedMain] c.c.CustomerprofileApiApplication        : Starting CustomerprofileApiApplication using Java 21.0.2 with PID 22752 (C:\Users\vinum\Documents\GitProjects\customerprofile-api\build\classes\java\main started by vinum in C:\Users\vinum\Documents\GitProjects\customerprofile-api)
2026-03-29T17:07:19.911-07:00 DEBUG 22752 --- [customerprofile-api] [restartedMain] c.c.CustomerprofileApiApplication        : Running with Spring Boot v4.0.5, Spring v7.0.6
2026-03-29T17:07:19.914-07:00  INFO 22752 --- [customerprofile-api] [restartedMain] c.c.CustomerprofileApiApplication        : The following 1 profile is active: "sit"
2026-03-29T17:07:20.001-07:00  INFO 22752 --- [customerprofile-api] [restartedMain] o.s.c.c.c.ConfigServerConfigDataLoader   : Fetching config from server at : http://localhost:9090
2026-03-29T17:07:20.002-07:00  INFO 22752 --- [customerprofile-api] [restartedMain] o.s.c.c.c.ConfigServerConfigDataLoader   : Located environment: name=customerprofile-api, profiles=[default], label=null, version=5fcece3ead4d5dc93b9d3488e9fbbd3252f4b10d, state=
2026-03-29T17:07:20.003-07:00  INFO 22752 --- [customerprofile-api] [restartedMain] o.s.c.c.c.ConfigServerConfigDataLoader   : Fetching config from server at : http://localhost:9090
2026-03-29T17:07:20.004-07:00  INFO 22752 --- [customerprofile-api] [restartedMain] o.s.c.c.c.ConfigServerConfigDataLoader   : Located environment: name=customerprofile-api, profiles=[sit], label=null, version=5fcece3ead4d5dc93b9d3488e9fbbd3252f4b10d, state=
2026-03-29T17:07:20.008-07:00  INFO 22752 --- [customerprofile-api] [restartedMain] .e.DevToolsPropertyDefaultsPostProcessor : Devtools property defaults active! Set 'spring.devtools.add-properties' to 'false' to disable
2026-03-29T17:07:20.009-07:00  INFO 22752 --- [customerprofile-api] [restartedMain] .e.DevToolsPropertyDefaultsPostProcessor : For additional web related logging consider setting the 'logging.level.web' property to 'DEBUG'
2026-03-29T17:07:21.691-07:00  INFO 22752 --- [customerprofile-api] [restartedMain] .s.d.r.c.RepositoryConfigurationDelegate : Bootstrapping Spring Data JPA repositories in DEFAULT mode.
2026-03-29T17:07:21.784-07:00  INFO 22752 --- [customerprofile-api] [restartedMain] .s.d.r.c.RepositoryConfigurationDelegate : Finished Spring Data repository scanning in 75 ms. Found 1 JPA repository interface.
2026-03-29T17:07:22.234-07:00  INFO 22752 --- [customerprofile-api] [restartedMain] o.s.cloud.context.scope.GenericScope     : BeanFactory id=1f25b4ae-fa0e-376d-a496-7a91d84d4dfe
2026-03-29T17:07:23.001-07:00  INFO 22752 --- [customerprofile-api] [restartedMain] o.s.boot.tomcat.TomcatWebServer          : Tomcat initialized with port 8085 (http)
2026-03-29T17:07:23.032-07:00  INFO 22752 --- [customerprofile-api] [restartedMain] o.apache.catalina.core.StandardService   : Starting service [Tomcat]
2026-03-29T17:07:23.033-07:00  INFO 22752 --- [customerprofile-api] [restartedMain] o.apache.catalina.core.StandardEngine    : Starting Servlet engine: [Apache Tomcat/11.0.20]
2026-03-29T17:07:23.151-07:00  INFO 22752 --- [customerprofile-api] [restartedMain] b.w.c.s.WebApplicationContextInitializer : Root WebApplicationContext: initialization completed in 3141 ms
2026-03-29T17:07:23.632-07:00  INFO 22752 --- [customerprofile-api] [restartedMain] com.zaxxer.hikari.HikariDataSource       : HikariPool-1 - Starting...
2026-03-29T17:07:23.930-07:00  INFO 22752 --- [customerprofile-api] [restartedMain] com.zaxxer.hikari.pool.HikariPool        : HikariPool-1 - Added connection org.postgresql.jdbc.PgConnection@17f03a58
2026-03-29T17:07:23.932-07:00  INFO 22752 --- [customerprofile-api] [restartedMain] com.zaxxer.hikari.HikariDataSource       : HikariPool-1 - Start completed.
2026-03-29T17:07:24.033-07:00  INFO 22752 --- [customerprofile-api] [restartedMain] org.hibernate.orm.jpa                    : HHH008540: Processing PersistenceUnitInfo [name: default]
2026-03-29T17:07:24.199-07:00  INFO 22752 --- [customerprofile-api] [restartedMain] org.hibernate.orm.core                   : HHH000001: Hibernate ORM core version 7.2.7.Final
2026-03-29T17:07:25.004-07:00  INFO 22752 --- [customerprofile-api] [restartedMain] o.s.o.j.p.SpringPersistenceUnitInfo      : No LoadTimeWeaver setup: ignoring JPA class transformer
2026-03-29T17:07:25.161-07:00  INFO 22752 --- [customerprofile-api] [restartedMain] org.hibernate.orm.connections.pooling    : HHH10001005: Database info:
	Database JDBC URL [jdbc:postgresql://localhost:5432/postgres]
	Database driver: PostgreSQL JDBC Driver
	Database dialect: PostgreSQLDialect
	Database version: 18.1
	Default catalog/schema: postgres/public
	Autocommit mode: undefined/unknown
	Isolation level: READ_COMMITTED [default READ_COMMITTED]
	JDBC fetch size: none
	Pool: DataSourceConnectionProvider
	Minimum pool size: undefined/unknown
	Maximum pool size: undefined/unknown
2026-03-29T17:07:26.332-07:00  INFO 22752 --- [customerprofile-api] [restartedMain] org.hibernate.orm.core                   : HHH000489: No JTA platform available (set 'hibernate.transaction.jta.platform' to enable JTA platform integration)
2026-03-29T17:07:26.344-07:00  INFO 22752 --- [customerprofile-api] [restartedMain] j.LocalContainerEntityManagerFactoryBean : Initialized JPA EntityManagerFactory for persistence unit 'default'
2026-03-29T17:07:26.454-07:00  INFO 22752 --- [customerprofile-api] [restartedMain] o.s.d.j.r.query.QueryEnhancerFactories   : Hibernate is in classpath; If applicable, HQL parser will be used.
2026-03-29T17:07:27.938-07:00  WARN 22752 --- [customerprofile-api] [restartedMain] JpaBaseConfiguration$JpaWebConfiguration : spring.jpa.open-in-view is enabled by default. Therefore, database queries may be performed during view rendering. Explicitly configure spring.jpa.open-in-view to disable this warning
2026-03-29T17:07:29.019-07:00  INFO 22752 --- [customerprofile-api] [restartedMain] o.s.b.a.e.web.EndpointLinksResolver      : Exposing 16 endpoints beneath base path '/actuator'
2026-03-29T17:07:29.126-07:00  INFO 22752 --- [customerprofile-api] [restartedMain] o.s.boot.tomcat.TomcatWebServer          : Tomcat started on port 8085 (http) with context path '/'
2026-03-29T17:07:29.146-07:00  INFO 22752 --- [customerprofile-api] [restartedMain] c.c.CustomerprofileApiApplication        : Started CustomerprofileApiApplication in 12.363 seconds (process running for 13.455)
2026-03-29T17:07:29.248-07:00  WARN 22752 --- [customerprofile-api] [restartedMain] o.s.core.events.SpringDocAppInitializer  : SpringDoc /v3/api-docs endpoint is enabled by default. To disable it in production, set the property 'springdoc.api-docs.enabled=false'
2026-03-29T17:07:29.248-07:00  WARN 22752 --- [customerprofile-api] [restartedMain] o.s.core.events.SpringDocAppInitializer  : SpringDoc /swagger-ui.html endpoint is enabled by default. To disable it in production, set the property 'springdoc.swagger-ui.enabled=false'
2026-03-29T17:07:44.565-07:00  INFO 22752 --- [customerprofile-api] [http-nio-8085-exec-1] o.a.c.c.C.[Tomcat].[localhost].[/]       : Initializing Spring DispatcherServlet 'dispatcherServlet'
2026-03-29T17:07:44.565-07:00  INFO 22752 --- [customerprofile-api] [http-nio-8085-exec-1] o.s.web.servlet.DispatcherServlet        : Initializing Servlet 'dispatcherServlet'
2026-03-29T17:07:44.569-07:00  INFO 22752 --- [customerprofile-api] [http-nio-8085-exec-1] o.s.web.servlet.DispatcherServlet        : Completed initialization in 1 ms
2026-03-29T17:07:44.675-07:00  WARN 22752 --- [customerprofile-api] [http-nio-8085-exec-1] .m.m.a.ExceptionHandlerExceptionResolver : Resolved [org.springframework.web.servlet.resource.NoResourceFoundException: No static resource  for request '/swagger-ui'.]
2026-03-29T17:07:44.735-07:00  WARN 22752 --- [customerprofile-api] [http-nio-8085-exec-2] .m.m.a.ExceptionHandlerExceptionResolver : Resolved [org.springframework.web.servlet.resource.NoResourceFoundException: No static resource favicon.ico for request '/favicon.ico'.]
2026-03-29T17:08:07.410-07:00  WARN 22752 --- [customerprofile-api] [http-nio-8085-exec-4] .m.m.a.ExceptionHandlerExceptionResolver : Resolved [org.springframework.web.servlet.resource.NoResourceFoundException: No static resource favicon.ico for request '/favicon.ico'.]
2026-03-29T17:08:25.797-07:00  INFO 22752 --- [customerprofile-api] [http-nio-8085-exec-4] o.springdoc.api.AbstractOpenApiResource  : Init duration for springdoc-openapi is: 359 ms
2026-03-29T17:08:30.489-07:00 DEBUG 22752 --- [customerprofile-api] [http-nio-8085-exec-5] org.hibernate.SQL                        : select cp1_0.customer_id,cp1_0.address_line1,cp1_0.address_line2,cp1_0.city,cp1_0.country,cp1_0.email,cp1_0.first_name,cp1_0.last_name,cp1_0.phone,cp1_0.postal_code,cp1_0.state,cp1_0.version from customerprofile cp1_0
2026-03-29T17:08:30.516-07:00  WARN 22752 --- [customerprofile-api] [http-nio-8085-exec-5] org.hibernate.orm.jdbc.error             : HHH000247: ErrorCode: 0, SQLState: 42703
2026-03-29T17:08:30.516-07:00  WARN 22752 --- [customerprofile-api] [http-nio-8085-exec-5] org.hibernate.orm.jdbc.error             : ERROR: column cp1_0.version does not exist
  Position: 178
2026-03-29T17:08:30.548-07:00  WARN 22752 --- [customerprofile-api] [http-nio-8085-exec-5] .m.m.a.ExceptionHandlerExceptionResolver : Resolved [org.springframework.dao.InvalidDataAccessResourceUsageException: JDBC exception executing SQL [ERROR: column cp1_0.version does not exist<EOL>  Position: 178] [select cp1_0.customer_id,cp1_0.address_line1,cp1_0.address_line2,cp1_0.city,cp1_0.country,cp1_0.email,cp1_0.first_name,cp1_0.last_name,cp1_0.phone,cp1_0.postal_code,cp1_0.state,cp1_0.version from customerprofile cp1_0]; SQL [select cp1_0.customer_id,cp1_0.address_line1,cp1_0.address_line2,cp1_0.city,cp1_0.country,cp1_0.email,cp1_0.first_name,cp1_0.last_name,cp1_0.phone,cp1_0.postal_code,cp1_0.state,cp1_0.version from customerprofile cp1_0]]
2026-03-29T17:09:51.830-07:00  INFO 9408 --- [customerprofile-api] [restartedMain] c.c.CustomerprofileApiApplication        : Starting CustomerprofileApiApplication using Java 21.0.2 with PID 9408 (C:\Users\vinum\Documents\GitProjects\customerprofile-api\build\classes\java\main started by vinum in C:\Users\vinum\Documents\GitProjects\customerprofile-api)
2026-03-29T17:09:51.836-07:00 DEBUG 9408 --- [customerprofile-api] [restartedMain] c.c.CustomerprofileApiApplication        : Running with Spring Boot v4.0.5, Spring v7.0.6
2026-03-29T17:09:51.838-07:00  INFO 9408 --- [customerprofile-api] [restartedMain] c.c.CustomerprofileApiApplication        : The following 1 profile is active: "sit"
2026-03-29T17:09:51.925-07:00  INFO 9408 --- [customerprofile-api] [restartedMain] o.s.c.c.c.ConfigServerConfigDataLoader   : Fetching config from server at : http://localhost:9090
2026-03-29T17:09:51.926-07:00  INFO 9408 --- [customerprofile-api] [restartedMain] o.s.c.c.c.ConfigServerConfigDataLoader   : Located environment: name=customerprofile-api, profiles=[default], label=null, version=5fcece3ead4d5dc93b9d3488e9fbbd3252f4b10d, state=
2026-03-29T17:09:51.927-07:00  INFO 9408 --- [customerprofile-api] [restartedMain] o.s.c.c.c.ConfigServerConfigDataLoader   : Fetching config from server at : http://localhost:9090
2026-03-29T17:09:51.927-07:00  INFO 9408 --- [customerprofile-api] [restartedMain] o.s.c.c.c.ConfigServerConfigDataLoader   : Located environment: name=customerprofile-api, profiles=[sit], label=null, version=5fcece3ead4d5dc93b9d3488e9fbbd3252f4b10d, state=
2026-03-29T17:09:51.930-07:00  INFO 9408 --- [customerprofile-api] [restartedMain] .e.DevToolsPropertyDefaultsPostProcessor : Devtools property defaults active! Set 'spring.devtools.add-properties' to 'false' to disable
2026-03-29T17:09:51.931-07:00  INFO 9408 --- [customerprofile-api] [restartedMain] .e.DevToolsPropertyDefaultsPostProcessor : For additional web related logging consider setting the 'logging.level.web' property to 'DEBUG'
2026-03-29T17:09:53.596-07:00  INFO 9408 --- [customerprofile-api] [restartedMain] .s.d.r.c.RepositoryConfigurationDelegate : Bootstrapping Spring Data JPA repositories in DEFAULT mode.
2026-03-29T17:09:53.685-07:00  INFO 9408 --- [customerprofile-api] [restartedMain] .s.d.r.c.RepositoryConfigurationDelegate : Finished Spring Data repository scanning in 71 ms. Found 1 JPA repository interface.
2026-03-29T17:09:54.091-07:00  INFO 9408 --- [customerprofile-api] [restartedMain] o.s.cloud.context.scope.GenericScope     : BeanFactory id=1f25b4ae-fa0e-376d-a496-7a91d84d4dfe
2026-03-29T17:09:54.842-07:00  INFO 9408 --- [customerprofile-api] [restartedMain] o.s.boot.tomcat.TomcatWebServer          : Tomcat initialized with port 8085 (http)
2026-03-29T17:09:54.869-07:00  INFO 9408 --- [customerprofile-api] [restartedMain] o.apache.catalina.core.StandardService   : Starting service [Tomcat]
2026-03-29T17:09:54.870-07:00  INFO 9408 --- [customerprofile-api] [restartedMain] o.apache.catalina.core.StandardEngine    : Starting Servlet engine: [Apache Tomcat/11.0.20]
2026-03-29T17:09:54.977-07:00  INFO 9408 --- [customerprofile-api] [restartedMain] b.w.c.s.WebApplicationContextInitializer : Root WebApplicationContext: initialization completed in 3044 ms
2026-03-29T17:09:55.373-07:00  INFO 9408 --- [customerprofile-api] [restartedMain] com.zaxxer.hikari.HikariDataSource       : HikariPool-1 - Starting...
2026-03-29T17:09:55.620-07:00  INFO 9408 --- [customerprofile-api] [restartedMain] com.zaxxer.hikari.pool.HikariPool        : HikariPool-1 - Added connection org.postgresql.jdbc.PgConnection@1f81850
2026-03-29T17:09:55.622-07:00  INFO 9408 --- [customerprofile-api] [restartedMain] com.zaxxer.hikari.HikariDataSource       : HikariPool-1 - Start completed.
2026-03-29T17:09:55.678-07:00  INFO 9408 --- [customerprofile-api] [restartedMain] org.hibernate.orm.jpa                    : HHH008540: Processing PersistenceUnitInfo [name: default]
2026-03-29T17:09:55.775-07:00  INFO 9408 --- [customerprofile-api] [restartedMain] org.hibernate.orm.core                   : HHH000001: Hibernate ORM core version 7.2.7.Final
2026-03-29T17:09:56.557-07:00  INFO 9408 --- [customerprofile-api] [restartedMain] o.s.o.j.p.SpringPersistenceUnitInfo      : No LoadTimeWeaver setup: ignoring JPA class transformer
2026-03-29T17:09:56.710-07:00  INFO 9408 --- [customerprofile-api] [restartedMain] org.hibernate.orm.connections.pooling    : HHH10001005: Database info:
	Database JDBC URL [jdbc:postgresql://localhost:5432/postgres]
	Database driver: PostgreSQL JDBC Driver
	Database dialect: PostgreSQLDialect
	Database version: 18.1
	Default catalog/schema: postgres/public
	Autocommit mode: undefined/unknown
	Isolation level: READ_COMMITTED [default READ_COMMITTED]
	JDBC fetch size: none
	Pool: DataSourceConnectionProvider
	Minimum pool size: undefined/unknown
	Maximum pool size: undefined/unknown
2026-03-29T17:09:57.719-07:00  INFO 9408 --- [customerprofile-api] [restartedMain] org.hibernate.orm.core                   : HHH000489: No JTA platform available (set 'hibernate.transaction.jta.platform' to enable JTA platform integration)
2026-03-29T17:09:57.732-07:00  INFO 9408 --- [customerprofile-api] [restartedMain] j.LocalContainerEntityManagerFactoryBean : Initialized JPA EntityManagerFactory for persistence unit 'default'
2026-03-29T17:09:57.848-07:00  INFO 9408 --- [customerprofile-api] [restartedMain] o.s.d.j.r.query.QueryEnhancerFactories   : Hibernate is in classpath; If applicable, HQL parser will be used.
2026-03-29T17:09:59.224-07:00  WARN 9408 --- [customerprofile-api] [restartedMain] JpaBaseConfiguration$JpaWebConfiguration : spring.jpa.open-in-view is enabled by default. Therefore, database queries may be performed during view rendering. Explicitly configure spring.jpa.open-in-view to disable this warning
2026-03-29T17:10:00.306-07:00  INFO 9408 --- [customerprofile-api] [restartedMain] o.s.b.a.e.web.EndpointLinksResolver      : Exposing 16 endpoints beneath base path '/actuator'
2026-03-29T17:10:00.450-07:00  INFO 9408 --- [customerprofile-api] [restartedMain] o.s.boot.tomcat.TomcatWebServer          : Tomcat started on port 8085 (http) with context path '/'
2026-03-29T17:10:00.473-07:00  INFO 9408 --- [customerprofile-api] [restartedMain] c.c.CustomerprofileApiApplication        : Started CustomerprofileApiApplication in 11.435 seconds (process running for 12.512)
2026-03-29T17:10:00.578-07:00  WARN 9408 --- [customerprofile-api] [restartedMain] o.s.core.events.SpringDocAppInitializer  : SpringDoc /v3/api-docs endpoint is enabled by default. To disable it in production, set the property 'springdoc.api-docs.enabled=false'
2026-03-29T17:10:00.579-07:00  WARN 9408 --- [customerprofile-api] [restartedMain] o.s.core.events.SpringDocAppInitializer  : SpringDoc /swagger-ui.html endpoint is enabled by default. To disable it in production, set the property 'springdoc.swagger-ui.enabled=false'
2026-03-29T17:10:05.134-07:00  INFO 9408 --- [customerprofile-api] [http-nio-8085-exec-1] o.a.c.c.C.[Tomcat].[localhost].[/]       : Initializing Spring DispatcherServlet 'dispatcherServlet'
2026-03-29T17:10:05.135-07:00  INFO 9408 --- [customerprofile-api] [http-nio-8085-exec-1] o.s.web.servlet.DispatcherServlet        : Initializing Servlet 'dispatcherServlet'
2026-03-29T17:10:05.137-07:00  INFO 9408 --- [customerprofile-api] [http-nio-8085-exec-1] o.s.web.servlet.DispatcherServlet        : Completed initialization in 1 ms
2026-03-29T17:10:05.823-07:00  INFO 9408 --- [customerprofile-api] [http-nio-8085-exec-5] o.springdoc.api.AbstractOpenApiResource  : Init duration for springdoc-openapi is: 383 ms
2026-03-29T17:10:09.134-07:00 DEBUG 9408 --- [customerprofile-api] [http-nio-8085-exec-4] org.hibernate.SQL                        : select cp1_0.customer_id,cp1_0.address_line1,cp1_0.address_line2,cp1_0.city,cp1_0.country,cp1_0.email,cp1_0.first_name,cp1_0.last_name,cp1_0.phone,cp1_0.postal_code,cp1_0.state,cp1_0.version from customerprofile cp1_0
2026-03-29T17:10:09.154-07:00  WARN 9408 --- [customerprofile-api] [http-nio-8085-exec-4] org.hibernate.orm.jdbc.error             : HHH000247: ErrorCode: 0, SQLState: 42703
2026-03-29T17:10:09.155-07:00  WARN 9408 --- [customerprofile-api] [http-nio-8085-exec-4] org.hibernate.orm.jdbc.error             : ERROR: column cp1_0.version does not exist
  Position: 178
2026-03-29T17:10:09.205-07:00  WARN 9408 --- [customerprofile-api] [http-nio-8085-exec-4] .m.m.a.ExceptionHandlerExceptionResolver : Resolved [org.springframework.dao.InvalidDataAccessResourceUsageException: JDBC exception executing SQL [ERROR: column cp1_0.version does not exist<EOL>  Position: 178] [select cp1_0.customer_id,cp1_0.address_line1,cp1_0.address_line2,cp1_0.city,cp1_0.country,cp1_0.email,cp1_0.first_name,cp1_0.last_name,cp1_0.phone,cp1_0.postal_code,cp1_0.state,cp1_0.version from customerprofile cp1_0]; SQL [select cp1_0.customer_id,cp1_0.address_line1,cp1_0.address_line2,cp1_0.city,cp1_0.country,cp1_0.email,cp1_0.first_name,cp1_0.last_name,cp1_0.phone,cp1_0.postal_code,cp1_0.state,cp1_0.version from customerprofile cp1_0]]
2026-03-29T17:11:12.102-07:00  INFO 9408 --- [customerprofile-api] [File Watcher] rtingClassPathChangeChangedEventListener : Restarting due to 12 class path changes (0 additions, 12 deletions, 0 modifications)
2026-03-29T17:11:12.118-07:00  INFO 9408 --- [customerprofile-api] [Thread-1] o.s.boot.tomcat.GracefulShutdown         : Commencing graceful shutdown. Waiting for active requests to complete
2026-03-29T17:11:12.144-07:00  INFO 9408 --- [customerprofile-api] [tomcat-shutdown] o.s.boot.tomcat.GracefulShutdown         : Graceful shutdown complete
2026-03-29T17:11:12.165-07:00  INFO 9408 --- [customerprofile-api] [Thread-1] j.LocalContainerEntityManagerFactoryBean : Closing JPA EntityManagerFactory for persistence unit 'default'
2026-03-29T17:11:12.174-07:00  INFO 9408 --- [customerprofile-api] [Thread-1] com.zaxxer.hikari.HikariDataSource       : HikariPool-1 - Shutdown initiated...
2026-03-29T17:11:12.193-07:00  INFO 9408 --- [customerprofile-api] [Thread-1] com.zaxxer.hikari.HikariDataSource       : HikariPool-1 - Shutdown completed.
2026-03-29T17:11:12.427-07:00 ERROR 9408 --- [customerprofile-api] [restartedMain] o.s.b.d.LoggingFailureAnalysisReporter   : 

***************************
APPLICATION FAILED TO START
***************************

Description:

No spring.config.import property has been defined

Action:

Add a spring.config.import=configserver: property to your configuration.
	If configuration is not required add spring.config.import=optional:configserver: instead.
	To disable this check, set spring.cloud.config.enabled=false or 
	spring.cloud.config.import-check.enabled=false.

2026-03-29T17:11:16.680-07:00  INFO 9408 --- [customerprofile-api] [restartedMain] c.c.CustomerprofileApiApplication        : Starting CustomerprofileApiApplication using Java 21.0.2 with PID 9408 (C:\Users\vinum\Documents\GitProjects\customerprofile-api\build\classes\java\main started by vinum in C:\Users\vinum\Documents\GitProjects\customerprofile-api)
2026-03-29T17:11:16.682-07:00 DEBUG 9408 --- [customerprofile-api] [restartedMain] c.c.CustomerprofileApiApplication        : Running with Spring Boot v4.0.5, Spring v7.0.6
2026-03-29T17:11:16.686-07:00  INFO 9408 --- [customerprofile-api] [restartedMain] c.c.CustomerprofileApiApplication        : The following 1 profile is active: "sit"
2026-03-29T17:11:16.692-07:00  INFO 9408 --- [customerprofile-api] [restartedMain] o.s.c.c.c.ConfigServerConfigDataLoader   : Fetching config from server at : http://localhost:9090
2026-03-29T17:11:16.694-07:00  INFO 9408 --- [customerprofile-api] [restartedMain] o.s.c.c.c.ConfigServerConfigDataLoader   : Located environment: name=customerprofile-api, profiles=[default], label=null, version=5fcece3ead4d5dc93b9d3488e9fbbd3252f4b10d, state=
2026-03-29T17:11:16.695-07:00  INFO 9408 --- [customerprofile-api] [restartedMain] o.s.c.c.c.ConfigServerConfigDataLoader   : Fetching config from server at : http://localhost:9090
2026-03-29T17:11:16.697-07:00  INFO 9408 --- [customerprofile-api] [restartedMain] o.s.c.c.c.ConfigServerConfigDataLoader   : Located environment: name=customerprofile-api, profiles=[sit], label=null, version=5fcece3ead4d5dc93b9d3488e9fbbd3252f4b10d, state=
2026-03-29T17:11:17.638-07:00  INFO 9408 --- [customerprofile-api] [restartedMain] .s.d.r.c.RepositoryConfigurationDelegate : Bootstrapping Spring Data JPA repositories in DEFAULT mode.
2026-03-29T17:11:17.669-07:00  INFO 9408 --- [customerprofile-api] [restartedMain] .s.d.r.c.RepositoryConfigurationDelegate : Finished Spring Data repository scanning in 27 ms. Found 1 JPA repository interface.
2026-03-29T17:11:17.935-07:00  INFO 9408 --- [customerprofile-api] [restartedMain] o.s.cloud.context.scope.GenericScope     : BeanFactory id=1f25b4ae-fa0e-376d-a496-7a91d84d4dfe
2026-03-29T17:11:18.086-07:00  INFO 9408 --- [customerprofile-api] [restartedMain] o.s.boot.tomcat.TomcatWebServer          : Tomcat initialized with port 8085 (http)
2026-03-29T17:11:18.088-07:00  INFO 9408 --- [customerprofile-api] [restartedMain] o.apache.catalina.core.StandardService   : Starting service [Tomcat]
2026-03-29T17:11:18.089-07:00  INFO 9408 --- [customerprofile-api] [restartedMain] o.apache.catalina.core.StandardEngine    : Starting Servlet engine: [Apache Tomcat/11.0.20]
2026-03-29T17:11:18.156-07:00  INFO 9408 --- [customerprofile-api] [restartedMain] b.w.c.s.WebApplicationContextInitializer : Root WebApplicationContext: initialization completed in 1456 ms
2026-03-29T17:11:18.250-07:00  INFO 9408 --- [customerprofile-api] [restartedMain] com.zaxxer.hikari.HikariDataSource       : HikariPool-2 - Starting...
2026-03-29T17:11:18.321-07:00  INFO 9408 --- [customerprofile-api] [restartedMain] com.zaxxer.hikari.pool.HikariPool        : HikariPool-2 - Added connection org.postgresql.jdbc.PgConnection@77d254d7
2026-03-29T17:11:18.322-07:00  INFO 9408 --- [customerprofile-api] [restartedMain] com.zaxxer.hikari.HikariDataSource       : HikariPool-2 - Start completed.
2026-03-29T17:11:18.324-07:00  INFO 9408 --- [customerprofile-api] [restartedMain] org.hibernate.orm.jpa                    : HHH008540: Processing PersistenceUnitInfo [name: default]
2026-03-29T17:11:18.374-07:00  INFO 9408 --- [customerprofile-api] [restartedMain] o.s.o.j.p.SpringPersistenceUnitInfo      : No LoadTimeWeaver setup: ignoring JPA class transformer
2026-03-29T17:11:18.391-07:00  INFO 9408 --- [customerprofile-api] [restartedMain] org.hibernate.orm.connections.pooling    : HHH10001005: Database info:
	Database JDBC URL [jdbc:postgresql://localhost:5432/postgres]
	Database driver: PostgreSQL JDBC Driver
	Database dialect: PostgreSQLDialect
	Database version: 18.1
	Default catalog/schema: postgres/public
	Autocommit mode: undefined/unknown
	Isolation level: READ_COMMITTED [default READ_COMMITTED]
	JDBC fetch size: none
	Pool: DataSourceConnectionProvider
	Minimum pool size: undefined/unknown
	Maximum pool size: undefined/unknown
2026-03-29T17:11:18.464-07:00  INFO 9408 --- [customerprofile-api] [restartedMain] org.hibernate.orm.core                   : HHH000489: No JTA platform available (set 'hibernate.transaction.jta.platform' to enable JTA platform integration)
2026-03-29T17:11:18.465-07:00  INFO 9408 --- [customerprofile-api] [restartedMain] j.LocalContainerEntityManagerFactoryBean : Initialized JPA EntityManagerFactory for persistence unit 'default'
2026-03-29T17:11:18.567-07:00  WARN 9408 --- [customerprofile-api] [restartedMain] JpaBaseConfiguration$JpaWebConfiguration : spring.jpa.open-in-view is enabled by default. Therefore, database queries may be performed during view rendering. Explicitly configure spring.jpa.open-in-view to disable this warning
2026-03-29T17:11:18.825-07:00  INFO 9408 --- [customerprofile-api] [restartedMain] o.s.b.a.e.web.EndpointLinksResolver      : Exposing 16 endpoints beneath base path '/actuator'
2026-03-29T17:11:18.862-07:00  INFO 9408 --- [customerprofile-api] [restartedMain] o.s.boot.tomcat.TomcatWebServer          : Tomcat started on port 8085 (http) with context path '/'
2026-03-29T17:11:18.871-07:00  INFO 9408 --- [customerprofile-api] [restartedMain] c.c.CustomerprofileApiApplication        : Started CustomerprofileApiApplication in 3.546 seconds (process running for 90.901)
2026-03-29T17:11:18.875-07:00  WARN 9408 --- [customerprofile-api] [restartedMain] o.s.core.events.SpringDocAppInitializer  : SpringDoc /v3/api-docs endpoint is enabled by default. To disable it in production, set the property 'springdoc.api-docs.enabled=false'
2026-03-29T17:11:18.875-07:00  WARN 9408 --- [customerprofile-api] [restartedMain] o.s.core.events.SpringDocAppInitializer  : SpringDoc /swagger-ui.html endpoint is enabled by default. To disable it in production, set the property 'springdoc.swagger-ui.enabled=false'
2026-03-29T17:11:18.879-07:00  INFO 9408 --- [customerprofile-api] [restartedMain] .ConditionEvaluationDeltaLoggingListener : Condition evaluation unchanged
2026-03-29T21:45:05.935-07:00  WARN 9408 --- [customerprofile-api] [HikariPool-2:housekeeper] com.zaxxer.hikari.pool.HikariPool        : HikariPool-2 - Thread starvation or clock leap detected (housekeeper delta=18m37s528ms185µs).
2026-03-29T21:58:58.455-07:00  INFO 9408 --- [customerprofile-api] [http-nio-8085-exec-1] o.a.c.c.C.[Tomcat].[localhost].[/]       : Initializing Spring DispatcherServlet 'dispatcherServlet'
2026-03-29T21:58:58.457-07:00  INFO 9408 --- [customerprofile-api] [http-nio-8085-exec-1] o.s.web.servlet.DispatcherServlet        : Initializing Servlet 'dispatcherServlet'
2026-03-29T21:58:58.544-07:00  INFO 9408 --- [customerprofile-api] [http-nio-8085-exec-1] o.s.web.servlet.DispatcherServlet        : Completed initialization in 87 ms
2026-03-29T21:58:59.625-07:00  INFO 9408 --- [customerprofile-api] [http-nio-8085-exec-10] o.springdoc.api.AbstractOpenApiResource  : Init duration for springdoc-openapi is: 638 ms
2026-03-29T21:59:08.784-07:00 DEBUG 9408 --- [customerprofile-api] [http-nio-8085-exec-8] org.hibernate.SQL                        : select cp1_0.customer_id,cp1_0.address_line1,cp1_0.address_line2,cp1_0.city,cp1_0.country,cp1_0.email,cp1_0.first_name,cp1_0.last_name,cp1_0.phone,cp1_0.postal_code,cp1_0.state from customerprofile cp1_0
2026-03-29T21:59:21.929-07:00 DEBUG 9408 --- [customerprofile-api] [http-nio-8085-exec-1] org.hibernate.SQL                        : select cp1_0.customer_id,cp1_0.address_line1,cp1_0.address_line2,cp1_0.city,cp1_0.country,cp1_0.email,cp1_0.first_name,cp1_0.last_name,cp1_0.phone,cp1_0.postal_code,cp1_0.state from customerprofile cp1_0 where cp1_0.customer_id=?
2026-03-29T21:59:21.965-07:00  WARN 9408 --- [customerprofile-api] [http-nio-8085-exec-1] .m.m.a.ExceptionHandlerExceptionResolver : Resolved [com.customerprofile.exception.CustomerProfileNotFoundException: Customer profile not found with id: 0]
2026-03-29T21:59:28.466-07:00 DEBUG 9408 --- [customerprofile-api] [http-nio-8085-exec-2] org.hibernate.SQL                        : select cp1_0.customer_id,cp1_0.address_line1,cp1_0.address_line2,cp1_0.city,cp1_0.country,cp1_0.email,cp1_0.first_name,cp1_0.last_name,cp1_0.phone,cp1_0.postal_code,cp1_0.state from customerprofile cp1_0 where cp1_0.customer_id=?
2026-03-29T22:02:53.603-07:00 DEBUG 9408 --- [customerprofile-api] [http-nio-8085-exec-2] org.hibernate.SQL                        : select cp1_0.customer_id,cp1_0.address_line1,cp1_0.address_line2,cp1_0.city,cp1_0.country,cp1_0.email,cp1_0.first_name,cp1_0.last_name,cp1_0.phone,cp1_0.postal_code,cp1_0.state from customerprofile cp1_0 where cp1_0.last_name=?
2026-03-29T22:03:15.212-07:00 DEBUG 9408 --- [customerprofile-api] [http-nio-8085-exec-3] org.hibernate.SQL                        : select cp1_0.customer_id,cp1_0.address_line1,cp1_0.address_line2,cp1_0.city,cp1_0.country,cp1_0.email,cp1_0.first_name,cp1_0.last_name,cp1_0.phone,cp1_0.postal_code,cp1_0.state from customerprofile cp1_0 where cp1_0.last_name=?
2026-03-29T22:03:15.221-07:00  WARN 9408 --- [customerprofile-api] [http-nio-8085-exec-3] .m.m.a.ExceptionHandlerExceptionResolver : Resolved [com.customerprofile.exception.CustomerProfileNotFoundException: No customer profiles found with last name: test]
2026-03-29T22:03:29.355-07:00 DEBUG 9408 --- [customerprofile-api] [http-nio-8085-exec-6] org.hibernate.SQL                        : select cp1_0.customer_id,cp1_0.address_line1,cp1_0.address_line2,cp1_0.city,cp1_0.country,cp1_0.email,cp1_0.first_name,cp1_0.last_name,cp1_0.phone,cp1_0.postal_code,cp1_0.state from customerprofile cp1_0 where cp1_0.first_name=?
2026-03-29T22:03:50.491-07:00 DEBUG 9408 --- [customerprofile-api] [http-nio-8085-exec-5] org.hibernate.SQL                        : select cp1_0.customer_id,cp1_0.address_line1,cp1_0.address_line2,cp1_0.city,cp1_0.country,cp1_0.email,cp1_0.first_name,cp1_0.last_name,cp1_0.phone,cp1_0.postal_code,cp1_0.state from customerprofile cp1_0 where cp1_0.first_name=? and cp1_0.last_name=?
2026-03-29T22:03:59.269-07:00 DEBUG 9408 --- [customerprofile-api] [http-nio-8085-exec-9] org.hibernate.SQL                        : select cp1_0.customer_id,cp1_0.address_line1,cp1_0.address_line2,cp1_0.city,cp1_0.country,cp1_0.email,cp1_0.first_name,cp1_0.last_name,cp1_0.phone,cp1_0.postal_code,cp1_0.state from customerprofile cp1_0 where cp1_0.first_name=? and cp1_0.last_name=?
2026-03-29T22:03:59.276-07:00  WARN 9408 --- [customerprofile-api] [http-nio-8085-exec-9] .m.m.a.ExceptionHandlerExceptionResolver : Resolved [com.customerprofile.exception.CustomerProfileNotFoundException: No customer profiles found with name: first test]
2026-03-29T22:54:28.453-07:00  INFO 6464 --- [customerprofile-api] [restartedMain] c.c.CustomerprofileApiApplication        : Starting CustomerprofileApiApplication using Java 21.0.2 with PID 6464 (C:\Users\vinum\Documents\GitProjects\customerprofile-api\build\classes\java\main started by vinum in C:\Users\vinum\Documents\GitProjects\customerprofile-api)
2026-03-29T22:54:28.470-07:00 DEBUG 6464 --- [customerprofile-api] [restartedMain] c.c.CustomerprofileApiApplication        : Running with Spring Boot v4.0.5, Spring v7.0.6
2026-03-29T22:54:28.480-07:00  INFO 6464 --- [customerprofile-api] [restartedMain] c.c.CustomerprofileApiApplication        : The following 1 profile is active: "sit"
2026-03-29T22:54:28.690-07:00  INFO 6464 --- [customerprofile-api] [restartedMain] o.s.c.c.c.ConfigServerConfigDataLoader   : Fetching config from server at : http://localhost:9090
2026-03-29T22:54:28.691-07:00  INFO 6464 --- [customerprofile-api] [restartedMain] o.s.c.c.c.ConfigServerConfigDataLoader   : Located environment: name=customerprofile-api, profiles=[default], label=null, version=5fcece3ead4d5dc93b9d3488e9fbbd3252f4b10d, state=
2026-03-29T22:54:28.693-07:00  INFO 6464 --- [customerprofile-api] [restartedMain] o.s.c.c.c.ConfigServerConfigDataLoader   : Fetching config from server at : http://localhost:9090
2026-03-29T22:54:28.694-07:00  INFO 6464 --- [customerprofile-api] [restartedMain] o.s.c.c.c.ConfigServerConfigDataLoader   : Located environment: name=customerprofile-api, profiles=[sit], label=null, version=5fcece3ead4d5dc93b9d3488e9fbbd3252f4b10d, state=
2026-03-29T22:54:28.703-07:00  INFO 6464 --- [customerprofile-api] [restartedMain] .e.DevToolsPropertyDefaultsPostProcessor : Devtools property defaults active! Set 'spring.devtools.add-properties' to 'false' to disable
2026-03-29T22:54:28.705-07:00  INFO 6464 --- [customerprofile-api] [restartedMain] .e.DevToolsPropertyDefaultsPostProcessor : For additional web related logging consider setting the 'logging.level.web' property to 'DEBUG'
2026-03-29T22:54:31.124-07:00  INFO 6464 --- [customerprofile-api] [restartedMain] .s.d.r.c.RepositoryConfigurationDelegate : Bootstrapping Spring Data JPA repositories in DEFAULT mode.
2026-03-29T22:54:31.318-07:00  INFO 6464 --- [customerprofile-api] [restartedMain] .s.d.r.c.RepositoryConfigurationDelegate : Finished Spring Data repository scanning in 172 ms. Found 1 JPA repository interface.
2026-03-29T22:54:32.385-07:00  INFO 6464 --- [customerprofile-api] [restartedMain] o.s.cloud.context.scope.GenericScope     : BeanFactory id=1f25b4ae-fa0e-376d-a496-7a91d84d4dfe
2026-03-29T22:54:33.619-07:00  INFO 6464 --- [customerprofile-api] [restartedMain] o.s.boot.tomcat.TomcatWebServer          : Tomcat initialized with port 8085 (http)
2026-03-29T22:54:33.668-07:00  INFO 6464 --- [customerprofile-api] [restartedMain] o.apache.catalina.core.StandardService   : Starting service [Tomcat]
2026-03-29T22:54:33.670-07:00  INFO 6464 --- [customerprofile-api] [restartedMain] o.apache.catalina.core.StandardEngine    : Starting Servlet engine: [Apache Tomcat/11.0.20]
2026-03-29T22:54:33.886-07:00  INFO 6464 --- [customerprofile-api] [restartedMain] b.w.c.s.WebApplicationContextInitializer : Root WebApplicationContext: initialization completed in 5180 ms
2026-03-29T22:54:34.570-07:00  INFO 6464 --- [customerprofile-api] [restartedMain] com.zaxxer.hikari.HikariDataSource       : HikariPool-1 - Starting...
2026-03-29T22:54:35.033-07:00  INFO 6464 --- [customerprofile-api] [restartedMain] com.zaxxer.hikari.pool.HikariPool        : HikariPool-1 - Added connection org.postgresql.jdbc.PgConnection@4b03f08c
2026-03-29T22:54:35.038-07:00  INFO 6464 --- [customerprofile-api] [restartedMain] com.zaxxer.hikari.HikariDataSource       : HikariPool-1 - Start completed.
2026-03-29T22:54:35.184-07:00  INFO 6464 --- [customerprofile-api] [restartedMain] org.hibernate.orm.jpa                    : HHH008540: Processing PersistenceUnitInfo [name: default]
2026-03-29T22:54:35.374-07:00  INFO 6464 --- [customerprofile-api] [restartedMain] org.hibernate.orm.core                   : HHH000001: Hibernate ORM core version 7.2.7.Final
2026-03-29T22:54:36.814-07:00  INFO 6464 --- [customerprofile-api] [restartedMain] o.s.o.j.p.SpringPersistenceUnitInfo      : No LoadTimeWeaver setup: ignoring JPA class transformer
2026-03-29T22:54:37.258-07:00  INFO 6464 --- [customerprofile-api] [restartedMain] org.hibernate.orm.connections.pooling    : HHH10001005: Database info:
	Database JDBC URL [jdbc:postgresql://localhost:5432/postgres]
	Database driver: PostgreSQL JDBC Driver
	Database dialect: PostgreSQLDialect
	Database version: 18.1
	Default catalog/schema: postgres/public
	Autocommit mode: undefined/unknown
	Isolation level: READ_COMMITTED [default READ_COMMITTED]
	JDBC fetch size: none
	Pool: DataSourceConnectionProvider
	Minimum pool size: undefined/unknown
	Maximum pool size: undefined/unknown
2026-03-29T22:54:39.406-07:00  INFO 6464 --- [customerprofile-api] [restartedMain] org.hibernate.orm.core                   : HHH000489: No JTA platform available (set 'hibernate.transaction.jta.platform' to enable JTA platform integration)
2026-03-29T22:54:39.421-07:00  INFO 6464 --- [customerprofile-api] [restartedMain] j.LocalContainerEntityManagerFactoryBean : Initialized JPA EntityManagerFactory for persistence unit 'default'
2026-03-29T22:54:39.587-07:00  INFO 6464 --- [customerprofile-api] [restartedMain] o.s.d.j.r.query.QueryEnhancerFactories   : Hibernate is in classpath; If applicable, HQL parser will be used.
2026-03-29T22:54:43.031-07:00  WARN 6464 --- [customerprofile-api] [restartedMain] JpaBaseConfiguration$JpaWebConfiguration : spring.jpa.open-in-view is enabled by default. Therefore, database queries may be performed during view rendering. Explicitly configure spring.jpa.open-in-view to disable this warning
2026-03-29T22:54:44.800-07:00  INFO 6464 --- [customerprofile-api] [restartedMain] o.s.b.a.e.web.EndpointLinksResolver      : Exposing 16 endpoints beneath base path '/actuator'
2026-03-29T22:54:45.004-07:00  INFO 6464 --- [customerprofile-api] [restartedMain] o.s.boot.tomcat.TomcatWebServer          : Tomcat started on port 8085 (http) with context path '/'
2026-03-29T22:54:45.053-07:00  INFO 6464 --- [customerprofile-api] [restartedMain] c.c.CustomerprofileApiApplication        : Started CustomerprofileApiApplication in 21.416 seconds (process running for 23.102)
2026-03-29T22:54:45.324-07:00  WARN 6464 --- [customerprofile-api] [restartedMain] o.s.core.events.SpringDocAppInitializer  : SpringDoc /v3/api-docs endpoint is enabled by default. To disable it in production, set the property 'springdoc.api-docs.enabled=false'
2026-03-29T22:54:45.327-07:00  WARN 6464 --- [customerprofile-api] [restartedMain] o.s.core.events.SpringDocAppInitializer  : SpringDoc /swagger-ui.html endpoint is enabled by default. To disable it in production, set the property 'springdoc.swagger-ui.enabled=false'
2026-03-29T22:59:00.085-07:00  INFO 6464 --- [customerprofile-api] [http-nio-8085-exec-1] o.a.c.c.C.[Tomcat].[localhost].[/]       : Initializing Spring DispatcherServlet 'dispatcherServlet'
2026-03-29T22:59:00.086-07:00  INFO 6464 --- [customerprofile-api] [http-nio-8085-exec-1] o.s.web.servlet.DispatcherServlet        : Initializing Servlet 'dispatcherServlet'
2026-03-29T22:59:00.089-07:00  INFO 6464 --- [customerprofile-api] [http-nio-8085-exec-1] o.s.web.servlet.DispatcherServlet        : Completed initialization in 2 ms
2026-03-29T22:59:00.645-07:00  INFO 6464 --- [customerprofile-api] [http-nio-8085-exec-4] o.springdoc.api.AbstractOpenApiResource  : Init duration for springdoc-openapi is: 310 ms
2026-03-29T22:59:06.452-07:00 DEBUG 6464 --- [customerprofile-api] [http-nio-8085-exec-5] org.hibernate.SQL                        : select cp1_0.customer_id,cp1_0.account_status,cp1_0.address_line1,cp1_0.address_line2,cp1_0.city,cp1_0.country,cp1_0.created_at,cp1_0.date_of_birth,cp1_0.email,cp1_0.first_name,cp1_0.gender,cp1_0.is_active,cp1_0.last_name,cp1_0.phone,cp1_0.postal_code,cp1_0.state,cp1_0.updated_at from customerprofile cp1_0 where cp1_0.email=?
2026-03-29T22:59:06.561-07:00 DEBUG 6464 --- [customerprofile-api] [http-nio-8085-exec-5] org.hibernate.SQL                        : insert into customerprofile (account_status,address_line1,address_line2,city,country,created_at,date_of_birth,email,first_name,gender,is_active,last_name,phone,postal_code,state,updated_at) values (?,?,?,?,?,?,?,?,?,?,?,?,?,?,?,?)
2026-03-29T22:59:06.592-07:00  WARN 6464 --- [customerprofile-api] [http-nio-8085-exec-5] org.hibernate.orm.jdbc.error             : HHH000247: ErrorCode: 0, SQLState: 23514
2026-03-29T22:59:06.593-07:00  WARN 6464 --- [customerprofile-api] [http-nio-8085-exec-5] org.hibernate.orm.jdbc.error             : ERROR: new row for relation "customerprofile" violates check constraint "customerprofile_account_status_check"
  Detail: Failing row contains (8, string, string, string, string, string, string, string, string, string, string, 2026-03-30, string, t, string, 2026-03-29 22:59:06.55368-07, 2026-03-29 22:59:06.55368-07).
2026-03-29T22:59:06.610-07:00 ERROR 6464 --- [customerprofile-api] [http-nio-8085-exec-5] c.c.service.CustomerProfileServiceImpl   : Database constraint violation while creating customer profile

org.springframework.dao.DataIntegrityViolationException: could not execute statement [ERROR: new row for relation "customerprofile" violates check constraint "customerprofile_account_status_check"
  Detail: Failing row contains (8, string, string, string, string, string, string, string, string, string, string, 2026-03-30, string, t, string, 2026-03-29 22:59:06.55368-07, 2026-03-29 22:59:06.55368-07).] [insert into customerprofile (account_status,address_line1,address_line2,city,country,created_at,date_of_birth,email,first_name,gender,is_active,last_name,phone,postal_code,state,updated_at) values (?,?,?,?,?,?,?,?,?,?,?,?,?,?,?,?)]; SQL [insert into customerprofile (account_status,address_line1,address_line2,city,country,created_at,date_of_birth,email,first_name,gender,is_active,last_name,phone,postal_code,state,updated_at) values (?,?,?,?,?,?,?,?,?,?,?,?,?,?,?,?)]; constraint [customerprofile_account_status_check]
	at org.springframework.orm.jpa.hibernate.HibernateExceptionTranslator.convertHibernateAccessException(HibernateExceptionTranslator.java:169) ~[spring-orm-7.0.6.jar:7.0.6]
	at org.springframework.orm.jpa.hibernate.HibernateExceptionTranslator.convertHibernateAccessException(HibernateExceptionTranslator.java:131) ~[spring-orm-7.0.6.jar:7.0.6]
	at org.springframework.orm.jpa.hibernate.HibernateExceptionTranslator.translateExceptionIfPossible(HibernateExceptionTranslator.java:105) ~[spring-orm-7.0.6.jar:7.0.6]
	at org.springframework.orm.jpa.vendor.HibernateJpaDialect.translateExceptionIfPossible(HibernateJpaDialect.java:223) ~[spring-orm-7.0.6.jar:7.0.6]
	at org.springframework.orm.jpa.AbstractEntityManagerFactoryBean.translateExceptionIfPossible(AbstractEntityManagerFactoryBean.java:576) ~[spring-orm-7.0.6.jar:7.0.6]
	at org.springframework.dao.support.ChainedPersistenceExceptionTranslator.translateExceptionIfPossible(ChainedPersistenceExceptionTranslator.java:61) ~[spring-tx-7.0.6.jar:7.0.6]
	at org.springframework.dao.support.DataAccessUtils.translateIfNecessary(DataAccessUtils.java:346) ~[spring-tx-7.0.6.jar:7.0.6]
	at org.springframework.dao.support.PersistenceExceptionTranslationInterceptor.invoke(PersistenceExceptionTranslationInterceptor.java:157) ~[spring-tx-7.0.6.jar:7.0.6]
	at org.springframework.aop.framework.ReflectiveMethodInvocation.proceed(ReflectiveMethodInvocation.java:179) ~[spring-aop-7.0.6.jar:7.0.6]
	at org.springframework.data.jpa.repository.support.CrudMethodMetadataPostProcessor$CrudMethodMetadataPopulatingMethodInterceptor.invoke(CrudMethodMetadataPostProcessor.java:166) ~[spring-data-jpa-4.0.4.jar:4.0.4]
	at org.springframework.aop.framework.ReflectiveMethodInvocation.proceed(ReflectiveMethodInvocation.java:179) ~[spring-aop-7.0.6.jar:7.0.6]
	at org.springframework.aop.framework.JdkDynamicAopProxy.invoke(JdkDynamicAopProxy.java:222) ~[spring-aop-7.0.6.jar:7.0.6]
	at jdk.proxy4/jdk.proxy4.$Proxy164.save(Unknown Source) ~[na:na]
	at com.customerprofile.service.CustomerProfileServiceImpl.createCustomerProfile(CustomerProfileServiceImpl.java:117) ~[main/:na]
	at com.customerprofile.controller.CustomerProfileController.createCustomerProfile(CustomerProfileController.java:53) ~[main/:na]
	at java.base/jdk.internal.reflect.DirectMethodHandleAccessor.invoke(DirectMethodHandleAccessor.java:103) ~[na:na]
	at java.base/java.lang.reflect.Method.invoke(Method.java:580) ~[na:na]
	at org.springframework.web.method.support.InvocableHandlerMethod.doInvoke(InvocableHandlerMethod.java:252) ~[spring-web-7.0.6.jar:7.0.6]
	at org.springframework.web.method.support.InvocableHandlerMethod.invokeForRequest(InvocableHandlerMethod.java:184) ~[spring-web-7.0.6.jar:7.0.6]
	at org.springframework.web.servlet.mvc.method.annotation.ServletInvocableHandlerMethod.invokeAndHandle(ServletInvocableHandlerMethod.java:117) ~[spring-webmvc-7.0.6.jar:7.0.6]
	at org.springframework.web.servlet.mvc.method.annotation.RequestMappingHandlerAdapter.invokeHandlerMethod(RequestMappingHandlerAdapter.java:934) ~[spring-webmvc-7.0.6.jar:7.0.6]
	at org.springframework.web.servlet.mvc.method.annotation.RequestMappingHandlerAdapter.handleInternal(RequestMappingHandlerAdapter.java:853) ~[spring-webmvc-7.0.6.jar:7.0.6]
	at org.springframework.web.servlet.mvc.method.AbstractHandlerMethodAdapter.handle(AbstractHandlerMethodAdapter.java:86) ~[spring-webmvc-7.0.6.jar:7.0.6]
	at org.springframework.web.servlet.DispatcherServlet.doDispatch(DispatcherServlet.java:963) ~[spring-webmvc-7.0.6.jar:7.0.6]
	at org.springframework.web.servlet.DispatcherServlet.doService(DispatcherServlet.java:866) ~[spring-webmvc-7.0.6.jar:7.0.6]
	at org.springframework.web.servlet.FrameworkServlet.processRequest(FrameworkServlet.java:1000) ~[spring-webmvc-7.0.6.jar:7.0.6]
	at org.springframework.web.servlet.FrameworkServlet.doPost(FrameworkServlet.java:903) ~[spring-webmvc-7.0.6.jar:7.0.6]
	at jakarta.servlet.http.HttpServlet.service(HttpServlet.java:649) ~[tomcat-embed-core-11.0.20.jar:6.1]
	at org.springframework.web.servlet.FrameworkServlet.service(FrameworkServlet.java:874) ~[spring-webmvc-7.0.6.jar:7.0.6]
	at jakarta.servlet.http.HttpServlet.service(HttpServlet.java:710) ~[tomcat-embed-core-11.0.20.jar:6.1]
	at org.apache.catalina.core.ApplicationFilterChain.doFilter(ApplicationFilterChain.java:128) ~[tomcat-embed-core-11.0.20.jar:11.0.20]
	at org.apache.tomcat.websocket.server.WsFilter.doFilter(WsFilter.java:53) ~[tomcat-embed-websocket-11.0.20.jar:11.0.20]
	at org.apache.catalina.core.ApplicationFilterChain.doFilter(ApplicationFilterChain.java:107) ~[tomcat-embed-core-11.0.20.jar:11.0.20]
	at org.springframework.web.filter.RequestContextFilter.doFilterInternal(RequestContextFilter.java:100) ~[spring-web-7.0.6.jar:7.0.6]
	at org.springframework.web.filter.OncePerRequestFilter.doFilter(OncePerRequestFilter.java:116) ~[spring-web-7.0.6.jar:7.0.6]
	at org.apache.catalina.core.ApplicationFilterChain.doFilter(ApplicationFilterChain.java:107) ~[tomcat-embed-core-11.0.20.jar:11.0.20]
	at org.springframework.web.filter.FormContentFilter.doFilterInternal(FormContentFilter.java:93) ~[spring-web-7.0.6.jar:7.0.6]
	at org.springframework.web.filter.OncePerRequestFilter.doFilter(OncePerRequestFilter.java:116) ~[spring-web-7.0.6.jar:7.0.6]
	at org.apache.catalina.core.ApplicationFilterChain.doFilter(ApplicationFilterChain.java:107) ~[tomcat-embed-core-11.0.20.jar:11.0.20]
	at org.springframework.web.filter.ServerHttpObservationFilter.doFilterInternal(ServerHttpObservationFilter.java:110) ~[spring-web-7.0.6.jar:7.0.6]
	at org.springframework.web.filter.OncePerRequestFilter.doFilter(OncePerRequestFilter.java:116) ~[spring-web-7.0.6.jar:7.0.6]
	at org.apache.catalina.core.ApplicationFilterChain.doFilter(ApplicationFilterChain.java:107) ~[tomcat-embed-core-11.0.20.jar:11.0.20]
	at org.springframework.web.filter.CharacterEncodingFilter.doFilterInternal(CharacterEncodingFilter.java:199) ~[spring-web-7.0.6.jar:7.0.6]
	at org.springframework.web.filter.OncePerRequestFilter.doFilter(OncePerRequestFilter.java:116) ~[spring-web-7.0.6.jar:7.0.6]
	at org.apache.catalina.core.ApplicationFilterChain.doFilter(ApplicationFilterChain.java:107) ~[tomcat-embed-core-11.0.20.jar:11.0.20]
	at org.apache.catalina.core.StandardWrapperValve.invoke(StandardWrapperValve.java:165) ~[tomcat-embed-core-11.0.20.jar:11.0.20]
	at org.apache.catalina.core.StandardContextValve.invoke(StandardContextValve.java:77) ~[tomcat-embed-core-11.0.20.jar:11.0.20]
	at org.apache.catalina.authenticator.AuthenticatorBase.invoke(AuthenticatorBase.java:492) ~[tomcat-embed-core-11.0.20.jar:11.0.20]
	at org.apache.catalina.core.StandardHostValve.invoke(StandardHostValve.java:113) ~[tomcat-embed-core-11.0.20.jar:11.0.20]
	at org.apache.catalina.valves.ErrorReportValve.invoke(ErrorReportValve.java:83) ~[tomcat-embed-core-11.0.20.jar:11.0.20]
	at org.apache.catalina.core.StandardEngineValve.invoke(StandardEngineValve.java:72) ~[tomcat-embed-core-11.0.20.jar:11.0.20]
	at org.apache.catalina.connector.CoyoteAdapter.service(CoyoteAdapter.java:341) ~[tomcat-embed-core-11.0.20.jar:11.0.20]
	at org.apache.coyote.http11.Http11Processor.service(Http11Processor.java:397) ~[tomcat-embed-core-11.0.20.jar:11.0.20]
	at org.apache.coyote.AbstractProcessorLight.process(AbstractProcessorLight.java:63) ~[tomcat-embed-core-11.0.20.jar:11.0.20]
	at org.apache.coyote.AbstractProtocol$ConnectionHandler.process(AbstractProtocol.java:903) ~[tomcat-embed-core-11.0.20.jar:11.0.20]
	at org.apache.tomcat.util.net.NioEndpoint$SocketProcessor.doRun(NioEndpoint.java:1779) ~[tomcat-embed-core-11.0.20.jar:11.0.20]
	at org.apache.tomcat.util.net.SocketProcessorBase.run(SocketProcessorBase.java:52) ~[tomcat-embed-core-11.0.20.jar:11.0.20]
	at org.apache.tomcat.util.threads.ThreadPoolExecutor.runWorker(ThreadPoolExecutor.java:946) ~[tomcat-embed-core-11.0.20.jar:11.0.20]
	at org.apache.tomcat.util.threads.ThreadPoolExecutor$Worker.run(ThreadPoolExecutor.java:480) ~[tomcat-embed-core-11.0.20.jar:11.0.20]
	at org.apache.tomcat.util.threads.TaskThread$WrappingRunnable.run(TaskThread.java:57) ~[tomcat-embed-core-11.0.20.jar:11.0.20]
	at java.base/java.lang.Thread.run(Thread.java:1583) ~[na:na]
Caused by: org.hibernate.exception.ConstraintViolationException: could not execute statement [ERROR: new row for relation "customerprofile" violates check constraint "customerprofile_account_status_check"
  Detail: Failing row contains (8, string, string, string, string, string, string, string, string, string, string, 2026-03-30, string, t, string, 2026-03-29 22:59:06.55368-07, 2026-03-29 22:59:06.55368-07).] [insert into customerprofile (account_status,address_line1,address_line2,city,country,created_at,date_of_birth,email,first_name,gender,is_active,last_name,phone,postal_code,state,updated_at) values (?,?,?,?,?,?,?,?,?,?,?,?,?,?,?,?)]
	at org.hibernate.exception.internal.SQLStateConversionDelegate.convert(SQLStateConversionDelegate.java:73) ~[hibernate-core-7.2.7.Final.jar:7.2.7.Final]
	at org.hibernate.exception.internal.StandardSQLExceptionConverter.convert(StandardSQLExceptionConverter.java:34) ~[hibernate-core-7.2.7.Final.jar:7.2.7.Final]
	at org.hibernate.engine.jdbc.spi.SqlExceptionHelper.convert(SqlExceptionHelper.java:115) ~[hibernate-core-7.2.7.Final.jar:7.2.7.Final]
	at org.hibernate.engine.jdbc.internal.ResultSetReturnImpl.executeUpdate(ResultSetReturnImpl.java:184) ~[hibernate-core-7.2.7.Final.jar:7.2.7.Final]
	at org.hibernate.id.insert.GetGeneratedKeysDelegate.performMutation(GetGeneratedKeysDelegate.java:103) ~[hibernate-core-7.2.7.Final.jar:7.2.7.Final]
	at org.hibernate.engine.jdbc.mutation.internal.MutationExecutorSingleNonBatched.performNonBatchedOperations(MutationExecutorSingleNonBatched.java:45) ~[hibernate-core-7.2.7.Final.jar:7.2.7.Final]
	at org.hibernate.engine.jdbc.mutation.internal.AbstractMutationExecutor.execute(AbstractMutationExecutor.java:66) ~[hibernate-core-7.2.7.Final.jar:7.2.7.Final]
	at org.hibernate.engine.jdbc.mutation.internal.AbstractMutationExecutor.execute(AbstractMutationExecutor.java:55) ~[hibernate-core-7.2.7.Final.jar:7.2.7.Final]
	at org.hibernate.persister.entity.mutation.InsertCoordinatorStandard.doStaticInserts(InsertCoordinatorStandard.java:180) ~[hibernate-core-7.2.7.Final.jar:7.2.7.Final]
	at org.hibernate.persister.entity.mutation.InsertCoordinatorStandard.coordinateInsert(InsertCoordinatorStandard.java:120) ~[hibernate-core-7.2.7.Final.jar:7.2.7.Final]
	at org.hibernate.persister.entity.mutation.InsertCoordinatorStandard.insert(InsertCoordinatorStandard.java:84) ~[hibernate-core-7.2.7.Final.jar:7.2.7.Final]
	at org.hibernate.action.internal.EntityIdentityInsertAction.execute(EntityIdentityInsertAction.java:85) ~[hibernate-core-7.2.7.Final.jar:7.2.7.Final]
	at org.hibernate.engine.spi.ActionQueue.execute(ActionQueue.java:667) ~[hibernate-core-7.2.7.Final.jar:7.2.7.Final]
	at org.hibernate.engine.spi.ActionQueue.addResolvedEntityInsertAction(ActionQueue.java:291) ~[hibernate-core-7.2.7.Final.jar:7.2.7.Final]
	at org.hibernate.engine.spi.ActionQueue.addInsertAction(ActionQueue.java:270) ~[hibernate-core-7.2.7.Final.jar:7.2.7.Final]
	at org.hibernate.engine.spi.ActionQueue.addAction(ActionQueue.java:322) ~[hibernate-core-7.2.7.Final.jar:7.2.7.Final]
	at org.hibernate.event.internal.AbstractSaveEventListener.addInsertAction(AbstractSaveEventListener.java:371) ~[hibernate-core-7.2.7.Final.jar:7.2.7.Final]
	at org.hibernate.event.internal.AbstractSaveEventListener.performSaveOrReplicate(AbstractSaveEventListener.java:285) ~[hibernate-core-7.2.7.Final.jar:7.2.7.Final]
	at org.hibernate.event.internal.AbstractSaveEventListener.performSave(AbstractSaveEventListener.java:215) ~[hibernate-core-7.2.7.Final.jar:7.2.7.Final]
	at org.hibernate.event.internal.AbstractSaveEventListener.saveWithGeneratedId(AbstractSaveEventListener.java:133) ~[hibernate-core-7.2.7.Final.jar:7.2.7.Final]
	at org.hibernate.event.internal.DefaultPersistEventListener.entityIsTransient(DefaultPersistEventListener.java:144) ~[hibernate-core-7.2.7.Final.jar:7.2.7.Final]
	at org.hibernate.event.internal.DefaultPersistEventListener.persist(DefaultPersistEventListener.java:90) ~[hibernate-core-7.2.7.Final.jar:7.2.7.Final]
	at org.hibernate.event.internal.DefaultPersistEventListener.onPersist(DefaultPersistEventListener.java:74) ~[hibernate-core-7.2.7.Final.jar:7.2.7.Final]
	at org.hibernate.event.internal.DefaultPersistEventListener.onPersist(DefaultPersistEventListener.java:50) ~[hibernate-core-7.2.7.Final.jar:7.2.7.Final]
	at org.hibernate.event.service.internal.EventListenerGroupImpl.fireEventOnEachListener(EventListenerGroupImpl.java:138) ~[hibernate-core-7.2.7.Final.jar:7.2.7.Final]
	at org.hibernate.internal.SessionImpl.firePersist(SessionImpl.java:692) ~[hibernate-core-7.2.7.Final.jar:7.2.7.Final]
	at org.hibernate.internal.SessionImpl.persist(SessionImpl.java:675) ~[hibernate-core-7.2.7.Final.jar:7.2.7.Final]
	at java.base/jdk.internal.reflect.DirectMethodHandleAccessor.invoke(DirectMethodHandleAccessor.java:103) ~[na:na]
	at java.base/java.lang.reflect.Method.invoke(Method.java:580) ~[na:na]
	at org.springframework.orm.jpa.ExtendedEntityManagerCreator$ExtendedEntityManagerInvocationHandler.invoke(ExtendedEntityManagerCreator.java:362) ~[spring-orm-7.0.6.jar:7.0.6]
	at jdk.proxy4/jdk.proxy4.$Proxy158.persist(Unknown Source) ~[na:na]
	at java.base/jdk.internal.reflect.DirectMethodHandleAccessor.invoke(DirectMethodHandleAccessor.java:103) ~[na:na]
	at java.base/java.lang.reflect.Method.invoke(Method.java:580) ~[na:na]
	at org.springframework.orm.jpa.SharedEntityManagerCreator$SharedEntityHandlerInvocationHandler.invokeMethod(SharedEntityManagerCreator.java:240) ~[spring-orm-7.0.6.jar:7.0.6]
	at org.springframework.orm.jpa.SharedEntityManagerCreator$SharedEntityManagerInvocationHandler.invoke(SharedEntityManagerCreator.java:386) ~[spring-orm-7.0.6.jar:7.0.6]
	at jdk.proxy4/jdk.proxy4.$Proxy158.persist(Unknown Source) ~[na:na]
	at org.springframework.data.jpa.repository.support.SimpleJpaRepository.save(SimpleJpaRepository.java:664) ~[spring-data-jpa-4.0.4.jar:4.0.4]
	at java.base/jdk.internal.reflect.DirectMethodHandleAccessor.invoke(DirectMethodHandleAccessor.java:103) ~[na:na]
	at java.base/java.lang.reflect.Method.invoke(Method.java:580) ~[na:na]
	at org.springframework.aop.support.AopUtils.invokeJoinpointUsingReflection(AopUtils.java:359) ~[spring-aop-7.0.6.jar:7.0.6]
	at org.springframework.data.repository.core.support.RepositoryMethodInvoker$RepositoryFragmentMethodInvoker.lambda$new$0(RepositoryMethodInvoker.java:278) ~[spring-data-commons-4.0.4.jar:4.0.4]
	at org.springframework.data.repository.core.support.RepositoryMethodInvoker.doInvoke(RepositoryMethodInvoker.java:169) ~[spring-data-commons-4.0.4.jar:4.0.4]
	at org.springframework.data.repository.core.support.RepositoryMethodInvoker.invoke(RepositoryMethodInvoker.java:158) ~[spring-data-commons-4.0.4.jar:4.0.4]
	at org.springframework.data.repository.core.support.RepositoryComposition$RepositoryFragments.invoke(RepositoryComposition.java:545) ~[spring-data-commons-4.0.4.jar:4.0.4]
	at org.springframework.data.repository.core.support.RepositoryComposition.invoke(RepositoryComposition.java:290) ~[spring-data-commons-4.0.4.jar:4.0.4]
	at org.springframework.data.repository.core.support.RepositoryFactorySupport$ImplementationMethodExecutionInterceptor.invoke(RepositoryFactorySupport.java:690) ~[spring-data-commons-4.0.4.jar:4.0.4]
	at org.springframework.aop.framework.ReflectiveMethodInvocation.proceed(ReflectiveMethodInvocation.java:179) ~[spring-aop-7.0.6.jar:7.0.6]
	at org.springframework.data.repository.core.support.QueryExecutorMethodInterceptor.doInvoke(QueryExecutorMethodInterceptor.java:171) ~[spring-data-commons-4.0.4.jar:4.0.4]
	at org.springframework.data.repository.core.support.QueryExecutorMethodInterceptor.invoke(QueryExecutorMethodInterceptor.java:146) ~[spring-data-commons-4.0.4.jar:4.0.4]
	at org.springframework.aop.framework.ReflectiveMethodInvocation.proceed(ReflectiveMethodInvocation.java:179) ~[spring-aop-7.0.6.jar:7.0.6]
	at org.springframework.data.projection.DefaultMethodInvokingMethodInterceptor.invoke(DefaultMethodInvokingMethodInterceptor.java:69) ~[spring-data-commons-4.0.4.jar:4.0.4]
	at org.springframework.aop.framework.ReflectiveMethodInvocation.proceed(ReflectiveMethodInvocation.java:179) ~[spring-aop-7.0.6.jar:7.0.6]
	at org.springframework.transaction.interceptor.TransactionInterceptor$1.proceedWithInvocation(TransactionInterceptor.java:133) ~[spring-tx-7.0.6.jar:7.0.6]
	at org.springframework.transaction.interceptor.TransactionAspectSupport.invokeWithinTransaction(TransactionAspectSupport.java:371) ~[spring-tx-7.0.6.jar:7.0.6]
	at org.springframework.transaction.interceptor.TransactionInterceptor.invoke(TransactionInterceptor.java:130) ~[spring-tx-7.0.6.jar:7.0.6]
	at org.springframework.aop.framework.ReflectiveMethodInvocation.proceed(ReflectiveMethodInvocation.java:179) ~[spring-aop-7.0.6.jar:7.0.6]
	at org.springframework.dao.support.PersistenceExceptionTranslationInterceptor.invoke(PersistenceExceptionTranslationInterceptor.java:135) ~[spring-tx-7.0.6.jar:7.0.6]
	... 53 common frames omitted
Caused by: org.postgresql.util.PSQLException: ERROR: new row for relation "customerprofile" violates check constraint "customerprofile_account_status_check"
  Detail: Failing row contains (8, string, string, string, string, string, string, string, string, string, string, 2026-03-30, string, t, string, 2026-03-29 22:59:06.55368-07, 2026-03-29 22:59:06.55368-07).
	at org.postgresql.core.v3.QueryExecutorImpl.receiveErrorResponse(QueryExecutorImpl.java:2875) ~[postgresql-42.7.10.jar:42.7.10]
	at org.postgresql.core.v3.QueryExecutorImpl.processResults(QueryExecutorImpl.java:2560) ~[postgresql-42.7.10.jar:42.7.10]
	at org.postgresql.core.v3.QueryExecutorImpl.execute(QueryExecutorImpl.java:429) ~[postgresql-42.7.10.jar:42.7.10]
	at org.postgresql.jdbc.PgStatement.executeInternal(PgStatement.java:526) ~[postgresql-42.7.10.jar:42.7.10]
	at org.postgresql.jdbc.PgStatement.execute(PgStatement.java:436) ~[postgresql-42.7.10.jar:42.7.10]
	at org.postgresql.jdbc.PgPreparedStatement.executeWithFlags(PgPreparedStatement.java:196) ~[postgresql-42.7.10.jar:42.7.10]
	at org.postgresql.jdbc.PgPreparedStatement.executeUpdate(PgPreparedStatement.java:157) ~[postgresql-42.7.10.jar:42.7.10]
	at com.zaxxer.hikari.pool.ProxyPreparedStatement.executeUpdate(ProxyPreparedStatement.java:61) ~[HikariCP-7.0.2.jar:na]
	at com.zaxxer.hikari.pool.HikariProxyPreparedStatement.executeUpdate(HikariProxyPreparedStatement.java) ~[HikariCP-7.0.2.jar:na]
	at org.hibernate.engine.jdbc.internal.ResultSetReturnImpl.executeUpdate(ResultSetReturnImpl.java:181) ~[hibernate-core-7.2.7.Final.jar:7.2.7.Final]
	... 106 common frames omitted

2026-03-29T22:59:06.641-07:00  WARN 6464 --- [customerprofile-api] [http-nio-8085-exec-5] .m.m.a.ExceptionHandlerExceptionResolver : Resolved [com.customerprofile.exception.CustomerProfileNotFoundException: Error creating customer profile: could not execute statement [ERROR: new row for relation "customerprofile" violates check constraint "customerprofile_account_status_check"<EOL>  Detail: Failing row contains (8, string, string, string, string, string, string, string, string, string, string, 2026-03-30, string, t, string, 2026-03-29 22:59:06.55368-07, 2026-03-29 22:59:06.55368-07).] [insert into customerprofile (account_status,address_line1,address_line2,city,country,created_at,date_of_birth,email,first_name,gender,is_active,last_name,phone,postal_code,state,updated_at) values (?,?,?,?,?,?,?,?,?,?,?,?,?,?,?,?)]; SQL [insert into customerprofile (account_status,address_line1,address_line2,city,country,created_at,date_of_birth,email,first_name,gender,is_active,last_name,phone,postal_code,state,updated_at) values (?,?,?,?,?,?,?,?,?,?,?,?,?,?,?,?)]; constraint [customerprofile_account_status_check]]
2026-03-29T23:00:39.553-07:00  INFO 24760 --- [customerprofile-api] [restartedMain] c.c.CustomerprofileApiApplication        : Starting CustomerprofileApiApplication using Java 21.0.2 with PID 24760 (C:\Users\vinum\Documents\GitProjects\customerprofile-api\build\classes\java\main started by vinum in C:\Users\vinum\Documents\GitProjects\customerprofile-api)
2026-03-29T23:00:39.557-07:00 DEBUG 24760 --- [customerprofile-api] [restartedMain] c.c.CustomerprofileApiApplication        : Running with Spring Boot v4.0.5, Spring v7.0.6
2026-03-29T23:00:39.559-07:00  INFO 24760 --- [customerprofile-api] [restartedMain] c.c.CustomerprofileApiApplication        : The following 1 profile is active: "sit"
2026-03-29T23:00:39.656-07:00  INFO 24760 --- [customerprofile-api] [restartedMain] o.s.c.c.c.ConfigServerConfigDataLoader   : Fetching config from server at : http://localhost:9090
2026-03-29T23:00:39.657-07:00  INFO 24760 --- [customerprofile-api] [restartedMain] o.s.c.c.c.ConfigServerConfigDataLoader   : Located environment: name=customerprofile-api, profiles=[default], label=null, version=5fcece3ead4d5dc93b9d3488e9fbbd3252f4b10d, state=
2026-03-29T23:00:39.659-07:00  INFO 24760 --- [customerprofile-api] [restartedMain] o.s.c.c.c.ConfigServerConfigDataLoader   : Fetching config from server at : http://localhost:9090
2026-03-29T23:00:39.659-07:00  INFO 24760 --- [customerprofile-api] [restartedMain] o.s.c.c.c.ConfigServerConfigDataLoader   : Located environment: name=customerprofile-api, profiles=[sit], label=null, version=5fcece3ead4d5dc93b9d3488e9fbbd3252f4b10d, state=
2026-03-29T23:00:39.664-07:00  INFO 24760 --- [customerprofile-api] [restartedMain] .e.DevToolsPropertyDefaultsPostProcessor : Devtools property defaults active! Set 'spring.devtools.add-properties' to 'false' to disable
2026-03-29T23:00:39.664-07:00  INFO 24760 --- [customerprofile-api] [restartedMain] .e.DevToolsPropertyDefaultsPostProcessor : For additional web related logging consider setting the 'logging.level.web' property to 'DEBUG'
2026-03-29T23:00:41.500-07:00  INFO 24760 --- [customerprofile-api] [restartedMain] .s.d.r.c.RepositoryConfigurationDelegate : Bootstrapping Spring Data JPA repositories in DEFAULT mode.
2026-03-29T23:00:41.592-07:00  INFO 24760 --- [customerprofile-api] [restartedMain] .s.d.r.c.RepositoryConfigurationDelegate : Finished Spring Data repository scanning in 75 ms. Found 1 JPA repository interface.
2026-03-29T23:00:42.147-07:00  INFO 24760 --- [customerprofile-api] [restartedMain] o.s.cloud.context.scope.GenericScope     : BeanFactory id=1f25b4ae-fa0e-376d-a496-7a91d84d4dfe
2026-03-29T23:00:43.168-07:00  INFO 24760 --- [customerprofile-api] [restartedMain] o.s.boot.tomcat.TomcatWebServer          : Tomcat initialized with port 8085 (http)
2026-03-29T23:00:43.193-07:00  INFO 24760 --- [customerprofile-api] [restartedMain] o.apache.catalina.core.StandardService   : Starting service [Tomcat]
2026-03-29T23:00:43.194-07:00  INFO 24760 --- [customerprofile-api] [restartedMain] o.apache.catalina.core.StandardEngine    : Starting Servlet engine: [Apache Tomcat/11.0.20]
2026-03-29T23:00:43.300-07:00  INFO 24760 --- [customerprofile-api] [restartedMain] b.w.c.s.WebApplicationContextInitializer : Root WebApplicationContext: initialization completed in 3635 ms
2026-03-29T23:00:43.836-07:00  INFO 24760 --- [customerprofile-api] [restartedMain] com.zaxxer.hikari.HikariDataSource       : HikariPool-1 - Starting...
2026-03-29T23:00:44.092-07:00  INFO 24760 --- [customerprofile-api] [restartedMain] com.zaxxer.hikari.pool.HikariPool        : HikariPool-1 - Added connection org.postgresql.jdbc.PgConnection@1fae07f8
2026-03-29T23:00:44.095-07:00  INFO 24760 --- [customerprofile-api] [restartedMain] com.zaxxer.hikari.HikariDataSource       : HikariPool-1 - Start completed.
2026-03-29T23:00:44.169-07:00  INFO 24760 --- [customerprofile-api] [restartedMain] org.hibernate.orm.jpa                    : HHH008540: Processing PersistenceUnitInfo [name: default]
2026-03-29T23:00:44.348-07:00  INFO 24760 --- [customerprofile-api] [restartedMain] org.hibernate.orm.core                   : HHH000001: Hibernate ORM core version 7.2.7.Final
2026-03-29T23:00:45.413-07:00  INFO 24760 --- [customerprofile-api] [restartedMain] o.s.o.j.p.SpringPersistenceUnitInfo      : No LoadTimeWeaver setup: ignoring JPA class transformer
2026-03-29T23:00:45.612-07:00  INFO 24760 --- [customerprofile-api] [restartedMain] org.hibernate.orm.connections.pooling    : HHH10001005: Database info:
	Database JDBC URL [jdbc:postgresql://localhost:5432/postgres]
	Database driver: PostgreSQL JDBC Driver
	Database dialect: PostgreSQLDialect
	Database version: 18.1
	Default catalog/schema: postgres/public
	Autocommit mode: undefined/unknown
	Isolation level: READ_COMMITTED [default READ_COMMITTED]
	JDBC fetch size: none
	Pool: DataSourceConnectionProvider
	Minimum pool size: undefined/unknown
	Maximum pool size: undefined/unknown
2026-03-29T23:00:46.834-07:00  INFO 24760 --- [customerprofile-api] [restartedMain] org.hibernate.orm.core                   : HHH000489: No JTA platform available (set 'hibernate.transaction.jta.platform' to enable JTA platform integration)
2026-03-29T23:00:46.850-07:00  INFO 24760 --- [customerprofile-api] [restartedMain] j.LocalContainerEntityManagerFactoryBean : Initialized JPA EntityManagerFactory for persistence unit 'default'
2026-03-29T23:00:47.137-07:00  INFO 24760 --- [customerprofile-api] [restartedMain] o.s.d.j.r.query.QueryEnhancerFactories   : Hibernate is in classpath; If applicable, HQL parser will be used.
2026-03-29T23:00:48.989-07:00  WARN 24760 --- [customerprofile-api] [restartedMain] JpaBaseConfiguration$JpaWebConfiguration : spring.jpa.open-in-view is enabled by default. Therefore, database queries may be performed during view rendering. Explicitly configure spring.jpa.open-in-view to disable this warning
2026-03-29T23:00:50.101-07:00  INFO 24760 --- [customerprofile-api] [restartedMain] o.s.b.a.e.web.EndpointLinksResolver      : Exposing 16 endpoints beneath base path '/actuator'
2026-03-29T23:00:50.248-07:00  INFO 24760 --- [customerprofile-api] [restartedMain] o.s.boot.tomcat.TomcatWebServer          : Tomcat started on port 8085 (http) with context path '/'
2026-03-29T23:00:50.269-07:00  INFO 24760 --- [customerprofile-api] [restartedMain] c.c.CustomerprofileApiApplication        : Started CustomerprofileApiApplication in 13.699 seconds (process running for 14.709)
2026-03-29T23:00:50.381-07:00  WARN 24760 --- [customerprofile-api] [restartedMain] o.s.core.events.SpringDocAppInitializer  : SpringDoc /v3/api-docs endpoint is enabled by default. To disable it in production, set the property 'springdoc.api-docs.enabled=false'
2026-03-29T23:00:50.382-07:00  WARN 24760 --- [customerprofile-api] [restartedMain] o.s.core.events.SpringDocAppInitializer  : SpringDoc /swagger-ui.html endpoint is enabled by default. To disable it in production, set the property 'springdoc.swagger-ui.enabled=false'
2026-03-29T23:00:56.367-07:00  INFO 24760 --- [customerprofile-api] [http-nio-8085-exec-1] o.a.c.c.C.[Tomcat].[localhost].[/]       : Initializing Spring DispatcherServlet 'dispatcherServlet'
2026-03-29T23:00:56.367-07:00  INFO 24760 --- [customerprofile-api] [http-nio-8085-exec-1] o.s.web.servlet.DispatcherServlet        : Initializing Servlet 'dispatcherServlet'
2026-03-29T23:00:56.372-07:00  INFO 24760 --- [customerprofile-api] [http-nio-8085-exec-1] o.s.web.servlet.DispatcherServlet        : Completed initialization in 4 ms
2026-03-29T23:00:57.087-07:00  INFO 24760 --- [customerprofile-api] [http-nio-8085-exec-4] o.springdoc.api.AbstractOpenApiResource  : Init duration for springdoc-openapi is: 473 ms
2026-03-29T23:01:02.332-07:00 DEBUG 24760 --- [customerprofile-api] [http-nio-8085-exec-5] org.hibernate.SQL                        : select cp1_0.customer_id,cp1_0.account_status,cp1_0.address_line1,cp1_0.address_line2,cp1_0.city,cp1_0.country,cp1_0.created_at,cp1_0.date_of_birth,cp1_0.email,cp1_0.first_name,cp1_0.gender,cp1_0.is_active,cp1_0.last_name,cp1_0.phone,cp1_0.postal_code,cp1_0.state,cp1_0.updated_at from customerprofile cp1_0 where cp1_0.email=?
2026-03-29T23:01:02.424-07:00 DEBUG 24760 --- [customerprofile-api] [http-nio-8085-exec-5] org.hibernate.SQL                        : insert into customerprofile (account_status,address_line1,address_line2,city,country,created_at,date_of_birth,email,first_name,gender,is_active,last_name,phone,postal_code,state,updated_at) values (?,?,?,?,?,?,?,?,?,?,?,?,?,?,?,?)
2026-03-29T23:01:02.441-07:00  WARN 24760 --- [customerprofile-api] [http-nio-8085-exec-5] org.hibernate.orm.jdbc.error             : HHH000247: ErrorCode: 0, SQLState: 23514
2026-03-29T23:01:02.443-07:00  WARN 24760 --- [customerprofile-api] [http-nio-8085-exec-5] org.hibernate.orm.jdbc.error             : ERROR: new row for relation "customerprofile" violates check constraint "customerprofile_account_status_check"
  Detail: Failing row contains (9, string, string, string, string, string, string, string, string, string, string, 2026-03-30, string, t, string, 2026-03-29 23:01:02.415941-07, 2026-03-29 23:01:02.415941-07).
2026-03-29T23:01:02.461-07:00 ERROR 24760 --- [customerprofile-api] [http-nio-8085-exec-5] c.c.service.CustomerProfileServiceImpl   : Database constraint violation while creating customer profile

org.springframework.dao.DataIntegrityViolationException: could not execute statement [ERROR: new row for relation "customerprofile" violates check constraint "customerprofile_account_status_check"
  Detail: Failing row contains (9, string, string, string, string, string, string, string, string, string, string, 2026-03-30, string, t, string, 2026-03-29 23:01:02.415941-07, 2026-03-29 23:01:02.415941-07).] [insert into customerprofile (account_status,address_line1,address_line2,city,country,created_at,date_of_birth,email,first_name,gender,is_active,last_name,phone,postal_code,state,updated_at) values (?,?,?,?,?,?,?,?,?,?,?,?,?,?,?,?)]; SQL [insert into customerprofile (account_status,address_line1,address_line2,city,country,created_at,date_of_birth,email,first_name,gender,is_active,last_name,phone,postal_code,state,updated_at) values (?,?,?,?,?,?,?,?,?,?,?,?,?,?,?,?)]; constraint [customerprofile_account_status_check]
	at org.springframework.orm.jpa.hibernate.HibernateExceptionTranslator.convertHibernateAccessException(HibernateExceptionTranslator.java:169) ~[spring-orm-7.0.6.jar:7.0.6]
	at org.springframework.orm.jpa.hibernate.HibernateExceptionTranslator.convertHibernateAccessException(HibernateExceptionTranslator.java:131) ~[spring-orm-7.0.6.jar:7.0.6]
	at org.springframework.orm.jpa.hibernate.HibernateExceptionTranslator.translateExceptionIfPossible(HibernateExceptionTranslator.java:105) ~[spring-orm-7.0.6.jar:7.0.6]
	at org.springframework.orm.jpa.vendor.HibernateJpaDialect.translateExceptionIfPossible(HibernateJpaDialect.java:223) ~[spring-orm-7.0.6.jar:7.0.6]
	at org.springframework.orm.jpa.AbstractEntityManagerFactoryBean.translateExceptionIfPossible(AbstractEntityManagerFactoryBean.java:576) ~[spring-orm-7.0.6.jar:7.0.6]
	at org.springframework.dao.support.ChainedPersistenceExceptionTranslator.translateExceptionIfPossible(ChainedPersistenceExceptionTranslator.java:61) ~[spring-tx-7.0.6.jar:7.0.6]
	at org.springframework.dao.support.DataAccessUtils.translateIfNecessary(DataAccessUtils.java:346) ~[spring-tx-7.0.6.jar:7.0.6]
	at org.springframework.dao.support.PersistenceExceptionTranslationInterceptor.invoke(PersistenceExceptionTranslationInterceptor.java:157) ~[spring-tx-7.0.6.jar:7.0.6]
	at org.springframework.aop.framework.ReflectiveMethodInvocation.proceed(ReflectiveMethodInvocation.java:179) ~[spring-aop-7.0.6.jar:7.0.6]
	at org.springframework.data.jpa.repository.support.CrudMethodMetadataPostProcessor$CrudMethodMetadataPopulatingMethodInterceptor.invoke(CrudMethodMetadataPostProcessor.java:166) ~[spring-data-jpa-4.0.4.jar:4.0.4]
	at org.springframework.aop.framework.ReflectiveMethodInvocation.proceed(ReflectiveMethodInvocation.java:179) ~[spring-aop-7.0.6.jar:7.0.6]
	at org.springframework.aop.framework.JdkDynamicAopProxy.invoke(JdkDynamicAopProxy.java:222) ~[spring-aop-7.0.6.jar:7.0.6]
	at jdk.proxy4/jdk.proxy4.$Proxy164.save(Unknown Source) ~[na:na]
	at com.customerprofile.service.CustomerProfileServiceImpl.createCustomerProfile(CustomerProfileServiceImpl.java:117) ~[main/:na]
	at com.customerprofile.controller.CustomerProfileController.createCustomerProfile(CustomerProfileController.java:53) ~[main/:na]
	at java.base/jdk.internal.reflect.DirectMethodHandleAccessor.invoke(DirectMethodHandleAccessor.java:103) ~[na:na]
	at java.base/java.lang.reflect.Method.invoke(Method.java:580) ~[na:na]
	at org.springframework.web.method.support.InvocableHandlerMethod.doInvoke(InvocableHandlerMethod.java:252) ~[spring-web-7.0.6.jar:7.0.6]
	at org.springframework.web.method.support.InvocableHandlerMethod.invokeForRequest(InvocableHandlerMethod.java:184) ~[spring-web-7.0.6.jar:7.0.6]
	at org.springframework.web.servlet.mvc.method.annotation.ServletInvocableHandlerMethod.invokeAndHandle(ServletInvocableHandlerMethod.java:117) ~[spring-webmvc-7.0.6.jar:7.0.6]
	at org.springframework.web.servlet.mvc.method.annotation.RequestMappingHandlerAdapter.invokeHandlerMethod(RequestMappingHandlerAdapter.java:934) ~[spring-webmvc-7.0.6.jar:7.0.6]
	at org.springframework.web.servlet.mvc.method.annotation.RequestMappingHandlerAdapter.handleInternal(RequestMappingHandlerAdapter.java:853) ~[spring-webmvc-7.0.6.jar:7.0.6]
	at org.springframework.web.servlet.mvc.method.AbstractHandlerMethodAdapter.handle(AbstractHandlerMethodAdapter.java:86) ~[spring-webmvc-7.0.6.jar:7.0.6]
	at org.springframework.web.servlet.DispatcherServlet.doDispatch(DispatcherServlet.java:963) ~[spring-webmvc-7.0.6.jar:7.0.6]
	at org.springframework.web.servlet.DispatcherServlet.doService(DispatcherServlet.java:866) ~[spring-webmvc-7.0.6.jar:7.0.6]
	at org.springframework.web.servlet.FrameworkServlet.processRequest(FrameworkServlet.java:1000) ~[spring-webmvc-7.0.6.jar:7.0.6]
	at org.springframework.web.servlet.FrameworkServlet.doPost(FrameworkServlet.java:903) ~[spring-webmvc-7.0.6.jar:7.0.6]
	at jakarta.servlet.http.HttpServlet.service(HttpServlet.java:649) ~[tomcat-embed-core-11.0.20.jar:6.1]
	at org.springframework.web.servlet.FrameworkServlet.service(FrameworkServlet.java:874) ~[spring-webmvc-7.0.6.jar:7.0.6]
	at jakarta.servlet.http.HttpServlet.service(HttpServlet.java:710) ~[tomcat-embed-core-11.0.20.jar:6.1]
	at org.apache.catalina.core.ApplicationFilterChain.doFilter(ApplicationFilterChain.java:128) ~[tomcat-embed-core-11.0.20.jar:11.0.20]
	at org.apache.tomcat.websocket.server.WsFilter.doFilter(WsFilter.java:53) ~[tomcat-embed-websocket-11.0.20.jar:11.0.20]
	at org.apache.catalina.core.ApplicationFilterChain.doFilter(ApplicationFilterChain.java:107) ~[tomcat-embed-core-11.0.20.jar:11.0.20]
	at org.springframework.web.filter.RequestContextFilter.doFilterInternal(RequestContextFilter.java:100) ~[spring-web-7.0.6.jar:7.0.6]
	at org.springframework.web.filter.OncePerRequestFilter.doFilter(OncePerRequestFilter.java:116) ~[spring-web-7.0.6.jar:7.0.6]
	at org.apache.catalina.core.ApplicationFilterChain.doFilter(ApplicationFilterChain.java:107) ~[tomcat-embed-core-11.0.20.jar:11.0.20]
	at org.springframework.web.filter.FormContentFilter.doFilterInternal(FormContentFilter.java:93) ~[spring-web-7.0.6.jar:7.0.6]
	at org.springframework.web.filter.OncePerRequestFilter.doFilter(OncePerRequestFilter.java:116) ~[spring-web-7.0.6.jar:7.0.6]
	at org.apache.catalina.core.ApplicationFilterChain.doFilter(ApplicationFilterChain.java:107) ~[tomcat-embed-core-11.0.20.jar:11.0.20]
	at org.springframework.web.filter.ServerHttpObservationFilter.doFilterInternal(ServerHttpObservationFilter.java:110) ~[spring-web-7.0.6.jar:7.0.6]
	at org.springframework.web.filter.OncePerRequestFilter.doFilter(OncePerRequestFilter.java:116) ~[spring-web-7.0.6.jar:7.0.6]
	at org.apache.catalina.core.ApplicationFilterChain.doFilter(ApplicationFilterChain.java:107) ~[tomcat-embed-core-11.0.20.jar:11.0.20]
	at org.springframework.web.filter.CharacterEncodingFilter.doFilterInternal(CharacterEncodingFilter.java:199) ~[spring-web-7.0.6.jar:7.0.6]
	at org.springframework.web.filter.OncePerRequestFilter.doFilter(OncePerRequestFilter.java:116) ~[spring-web-7.0.6.jar:7.0.6]
	at org.apache.catalina.core.ApplicationFilterChain.doFilter(ApplicationFilterChain.java:107) ~[tomcat-embed-core-11.0.20.jar:11.0.20]
	at org.apache.catalina.core.StandardWrapperValve.invoke(StandardWrapperValve.java:165) ~[tomcat-embed-core-11.0.20.jar:11.0.20]
	at org.apache.catalina.core.StandardContextValve.invoke(StandardContextValve.java:77) ~[tomcat-embed-core-11.0.20.jar:11.0.20]
	at org.apache.catalina.authenticator.AuthenticatorBase.invoke(AuthenticatorBase.java:492) ~[tomcat-embed-core-11.0.20.jar:11.0.20]
	at org.apache.catalina.core.StandardHostValve.invoke(StandardHostValve.java:113) ~[tomcat-embed-core-11.0.20.jar:11.0.20]
	at org.apache.catalina.valves.ErrorReportValve.invoke(ErrorReportValve.java:83) ~[tomcat-embed-core-11.0.20.jar:11.0.20]
	at org.apache.catalina.core.StandardEngineValve.invoke(StandardEngineValve.java:72) ~[tomcat-embed-core-11.0.20.jar:11.0.20]
	at org.apache.catalina.connector.CoyoteAdapter.service(CoyoteAdapter.java:341) ~[tomcat-embed-core-11.0.20.jar:11.0.20]
	at org.apache.coyote.http11.Http11Processor.service(Http11Processor.java:397) ~[tomcat-embed-core-11.0.20.jar:11.0.20]
	at org.apache.coyote.AbstractProcessorLight.process(AbstractProcessorLight.java:63) ~[tomcat-embed-core-11.0.20.jar:11.0.20]
	at org.apache.coyote.AbstractProtocol$ConnectionHandler.process(AbstractProtocol.java:903) ~[tomcat-embed-core-11.0.20.jar:11.0.20]
	at org.apache.tomcat.util.net.NioEndpoint$SocketProcessor.doRun(NioEndpoint.java:1779) ~[tomcat-embed-core-11.0.20.jar:11.0.20]
	at org.apache.tomcat.util.net.SocketProcessorBase.run(SocketProcessorBase.java:52) ~[tomcat-embed-core-11.0.20.jar:11.0.20]
	at org.apache.tomcat.util.threads.ThreadPoolExecutor.runWorker(ThreadPoolExecutor.java:946) ~[tomcat-embed-core-11.0.20.jar:11.0.20]
	at org.apache.tomcat.util.threads.ThreadPoolExecutor$Worker.run(ThreadPoolExecutor.java:480) ~[tomcat-embed-core-11.0.20.jar:11.0.20]
	at org.apache.tomcat.util.threads.TaskThread$WrappingRunnable.run(TaskThread.java:57) ~[tomcat-embed-core-11.0.20.jar:11.0.20]
	at java.base/java.lang.Thread.run(Thread.java:1583) ~[na:na]
Caused by: org.hibernate.exception.ConstraintViolationException: could not execute statement [ERROR: new row for relation "customerprofile" violates check constraint "customerprofile_account_status_check"
  Detail: Failing row contains (9, string, string, string, string, string, string, string, string, string, string, 2026-03-30, string, t, string, 2026-03-29 23:01:02.415941-07, 2026-03-29 23:01:02.415941-07).] [insert into customerprofile (account_status,address_line1,address_line2,city,country,created_at,date_of_birth,email,first_name,gender,is_active,last_name,phone,postal_code,state,updated_at) values (?,?,?,?,?,?,?,?,?,?,?,?,?,?,?,?)]
	at org.hibernate.exception.internal.SQLStateConversionDelegate.convert(SQLStateConversionDelegate.java:73) ~[hibernate-core-7.2.7.Final.jar:7.2.7.Final]
	at org.hibernate.exception.internal.StandardSQLExceptionConverter.convert(StandardSQLExceptionConverter.java:34) ~[hibernate-core-7.2.7.Final.jar:7.2.7.Final]
	at org.hibernate.engine.jdbc.spi.SqlExceptionHelper.convert(SqlExceptionHelper.java:115) ~[hibernate-core-7.2.7.Final.jar:7.2.7.Final]
	at org.hibernate.engine.jdbc.internal.ResultSetReturnImpl.executeUpdate(ResultSetReturnImpl.java:184) ~[hibernate-core-7.2.7.Final.jar:7.2.7.Final]
	at org.hibernate.id.insert.GetGeneratedKeysDelegate.performMutation(GetGeneratedKeysDelegate.java:103) ~[hibernate-core-7.2.7.Final.jar:7.2.7.Final]
	at org.hibernate.engine.jdbc.mutation.internal.MutationExecutorSingleNonBatched.performNonBatchedOperations(MutationExecutorSingleNonBatched.java:45) ~[hibernate-core-7.2.7.Final.jar:7.2.7.Final]
	at org.hibernate.engine.jdbc.mutation.internal.AbstractMutationExecutor.execute(AbstractMutationExecutor.java:66) ~[hibernate-core-7.2.7.Final.jar:7.2.7.Final]
	at org.hibernate.engine.jdbc.mutation.internal.AbstractMutationExecutor.execute(AbstractMutationExecutor.java:55) ~[hibernate-core-7.2.7.Final.jar:7.2.7.Final]
	at org.hibernate.persister.entity.mutation.InsertCoordinatorStandard.doStaticInserts(InsertCoordinatorStandard.java:180) ~[hibernate-core-7.2.7.Final.jar:7.2.7.Final]
	at org.hibernate.persister.entity.mutation.InsertCoordinatorStandard.coordinateInsert(InsertCoordinatorStandard.java:120) ~[hibernate-core-7.2.7.Final.jar:7.2.7.Final]
	at org.hibernate.persister.entity.mutation.InsertCoordinatorStandard.insert(InsertCoordinatorStandard.java:84) ~[hibernate-core-7.2.7.Final.jar:7.2.7.Final]
	at org.hibernate.action.internal.EntityIdentityInsertAction.execute(EntityIdentityInsertAction.java:85) ~[hibernate-core-7.2.7.Final.jar:7.2.7.Final]
	at org.hibernate.engine.spi.ActionQueue.execute(ActionQueue.java:667) ~[hibernate-core-7.2.7.Final.jar:7.2.7.Final]
	at org.hibernate.engine.spi.ActionQueue.addResolvedEntityInsertAction(ActionQueue.java:291) ~[hibernate-core-7.2.7.Final.jar:7.2.7.Final]
	at org.hibernate.engine.spi.ActionQueue.addInsertAction(ActionQueue.java:270) ~[hibernate-core-7.2.7.Final.jar:7.2.7.Final]
	at org.hibernate.engine.spi.ActionQueue.addAction(ActionQueue.java:322) ~[hibernate-core-7.2.7.Final.jar:7.2.7.Final]
	at org.hibernate.event.internal.AbstractSaveEventListener.addInsertAction(AbstractSaveEventListener.java:371) ~[hibernate-core-7.2.7.Final.jar:7.2.7.Final]
	at org.hibernate.event.internal.AbstractSaveEventListener.performSaveOrReplicate(AbstractSaveEventListener.java:285) ~[hibernate-core-7.2.7.Final.jar:7.2.7.Final]
	at org.hibernate.event.internal.AbstractSaveEventListener.performSave(AbstractSaveEventListener.java:215) ~[hibernate-core-7.2.7.Final.jar:7.2.7.Final]
	at org.hibernate.event.internal.AbstractSaveEventListener.saveWithGeneratedId(AbstractSaveEventListener.java:133) ~[hibernate-core-7.2.7.Final.jar:7.2.7.Final]
	at org.hibernate.event.internal.DefaultPersistEventListener.entityIsTransient(DefaultPersistEventListener.java:144) ~[hibernate-core-7.2.7.Final.jar:7.2.7.Final]
	at org.hibernate.event.internal.DefaultPersistEventListener.persist(DefaultPersistEventListener.java:90) ~[hibernate-core-7.2.7.Final.jar:7.2.7.Final]
	at org.hibernate.event.internal.DefaultPersistEventListener.onPersist(DefaultPersistEventListener.java:74) ~[hibernate-core-7.2.7.Final.jar:7.2.7.Final]
	at org.hibernate.event.internal.DefaultPersistEventListener.onPersist(DefaultPersistEventListener.java:50) ~[hibernate-core-7.2.7.Final.jar:7.2.7.Final]
	at org.hibernate.event.service.internal.EventListenerGroupImpl.fireEventOnEachListener(EventListenerGroupImpl.java:138) ~[hibernate-core-7.2.7.Final.jar:7.2.7.Final]
	at org.hibernate.internal.SessionImpl.firePersist(SessionImpl.java:692) ~[hibernate-core-7.2.7.Final.jar:7.2.7.Final]
	at org.hibernate.internal.SessionImpl.persist(SessionImpl.java:675) ~[hibernate-core-7.2.7.Final.jar:7.2.7.Final]
	at java.base/jdk.internal.reflect.DirectMethodHandleAccessor.invoke(DirectMethodHandleAccessor.java:103) ~[na:na]
	at java.base/java.lang.reflect.Method.invoke(Method.java:580) ~[na:na]
	at org.springframework.orm.jpa.ExtendedEntityManagerCreator$ExtendedEntityManagerInvocationHandler.invoke(ExtendedEntityManagerCreator.java:362) ~[spring-orm-7.0.6.jar:7.0.6]
	at jdk.proxy4/jdk.proxy4.$Proxy158.persist(Unknown Source) ~[na:na]
	at java.base/jdk.internal.reflect.DirectMethodHandleAccessor.invoke(DirectMethodHandleAccessor.java:103) ~[na:na]
	at java.base/java.lang.reflect.Method.invoke(Method.java:580) ~[na:na]
	at org.springframework.orm.jpa.SharedEntityManagerCreator$SharedEntityHandlerInvocationHandler.invokeMethod(SharedEntityManagerCreator.java:240) ~[spring-orm-7.0.6.jar:7.0.6]
	at org.springframework.orm.jpa.SharedEntityManagerCreator$SharedEntityManagerInvocationHandler.invoke(SharedEntityManagerCreator.java:386) ~[spring-orm-7.0.6.jar:7.0.6]
	at jdk.proxy4/jdk.proxy4.$Proxy158.persist(Unknown Source) ~[na:na]
	at org.springframework.data.jpa.repository.support.SimpleJpaRepository.save(SimpleJpaRepository.java:664) ~[spring-data-jpa-4.0.4.jar:4.0.4]
	at java.base/jdk.internal.reflect.DirectMethodHandleAccessor.invoke(DirectMethodHandleAccessor.java:103) ~[na:na]
	at java.base/java.lang.reflect.Method.invoke(Method.java:580) ~[na:na]
	at org.springframework.aop.support.AopUtils.invokeJoinpointUsingReflection(AopUtils.java:359) ~[spring-aop-7.0.6.jar:7.0.6]
	at org.springframework.data.repository.core.support.RepositoryMethodInvoker$RepositoryFragmentMethodInvoker.lambda$new$0(RepositoryMethodInvoker.java:278) ~[spring-data-commons-4.0.4.jar:4.0.4]
	at org.springframework.data.repository.core.support.RepositoryMethodInvoker.doInvoke(RepositoryMethodInvoker.java:169) ~[spring-data-commons-4.0.4.jar:4.0.4]
	at org.springframework.data.repository.core.support.RepositoryMethodInvoker.invoke(RepositoryMethodInvoker.java:158) ~[spring-data-commons-4.0.4.jar:4.0.4]
	at org.springframework.data.repository.core.support.RepositoryComposition$RepositoryFragments.invoke(RepositoryComposition.java:545) ~[spring-data-commons-4.0.4.jar:4.0.4]
	at org.springframework.data.repository.core.support.RepositoryComposition.invoke(RepositoryComposition.java:290) ~[spring-data-commons-4.0.4.jar:4.0.4]
	at org.springframework.data.repository.core.support.RepositoryFactorySupport$ImplementationMethodExecutionInterceptor.invoke(RepositoryFactorySupport.java:690) ~[spring-data-commons-4.0.4.jar:4.0.4]
	at org.springframework.aop.framework.ReflectiveMethodInvocation.proceed(ReflectiveMethodInvocation.java:179) ~[spring-aop-7.0.6.jar:7.0.6]
	at org.springframework.data.repository.core.support.QueryExecutorMethodInterceptor.doInvoke(QueryExecutorMethodInterceptor.java:171) ~[spring-data-commons-4.0.4.jar:4.0.4]
	at org.springframework.data.repository.core.support.QueryExecutorMethodInterceptor.invoke(QueryExecutorMethodInterceptor.java:146) ~[spring-data-commons-4.0.4.jar:4.0.4]
	at org.springframework.aop.framework.ReflectiveMethodInvocation.proceed(ReflectiveMethodInvocation.java:179) ~[spring-aop-7.0.6.jar:7.0.6]
	at org.springframework.data.projection.DefaultMethodInvokingMethodInterceptor.invoke(DefaultMethodInvokingMethodInterceptor.java:69) ~[spring-data-commons-4.0.4.jar:4.0.4]
	at org.springframework.aop.framework.ReflectiveMethodInvocation.proceed(ReflectiveMethodInvocation.java:179) ~[spring-aop-7.0.6.jar:7.0.6]
	at org.springframework.transaction.interceptor.TransactionInterceptor$1.proceedWithInvocation(TransactionInterceptor.java:133) ~[spring-tx-7.0.6.jar:7.0.6]
	at org.springframework.transaction.interceptor.TransactionAspectSupport.invokeWithinTransaction(TransactionAspectSupport.java:371) ~[spring-tx-7.0.6.jar:7.0.6]
	at org.springframework.transaction.interceptor.TransactionInterceptor.invoke(TransactionInterceptor.java:130) ~[spring-tx-7.0.6.jar:7.0.6]
	at org.springframework.aop.framework.ReflectiveMethodInvocation.proceed(ReflectiveMethodInvocation.java:179) ~[spring-aop-7.0.6.jar:7.0.6]
	at org.springframework.dao.support.PersistenceExceptionTranslationInterceptor.invoke(PersistenceExceptionTranslationInterceptor.java:135) ~[spring-tx-7.0.6.jar:7.0.6]
	... 53 common frames omitted
Caused by: org.postgresql.util.PSQLException: ERROR: new row for relation "customerprofile" violates check constraint "customerprofile_account_status_check"
  Detail: Failing row contains (9, string, string, string, string, string, string, string, string, string, string, 2026-03-30, string, t, string, 2026-03-29 23:01:02.415941-07, 2026-03-29 23:01:02.415941-07).
	at org.postgresql.core.v3.QueryExecutorImpl.receiveErrorResponse(QueryExecutorImpl.java:2875) ~[postgresql-42.7.10.jar:42.7.10]
	at org.postgresql.core.v3.QueryExecutorImpl.processResults(QueryExecutorImpl.java:2560) ~[postgresql-42.7.10.jar:42.7.10]
	at org.postgresql.core.v3.QueryExecutorImpl.execute(QueryExecutorImpl.java:429) ~[postgresql-42.7.10.jar:42.7.10]
	at org.postgresql.jdbc.PgStatement.executeInternal(PgStatement.java:526) ~[postgresql-42.7.10.jar:42.7.10]
	at org.postgresql.jdbc.PgStatement.execute(PgStatement.java:436) ~[postgresql-42.7.10.jar:42.7.10]
	at org.postgresql.jdbc.PgPreparedStatement.executeWithFlags(PgPreparedStatement.java:196) ~[postgresql-42.7.10.jar:42.7.10]
	at org.postgresql.jdbc.PgPreparedStatement.executeUpdate(PgPreparedStatement.java:157) ~[postgresql-42.7.10.jar:42.7.10]
	at com.zaxxer.hikari.pool.ProxyPreparedStatement.executeUpdate(ProxyPreparedStatement.java:61) ~[HikariCP-7.0.2.jar:na]
	at com.zaxxer.hikari.pool.HikariProxyPreparedStatement.executeUpdate(HikariProxyPreparedStatement.java) ~[HikariCP-7.0.2.jar:na]
	at org.hibernate.engine.jdbc.internal.ResultSetReturnImpl.executeUpdate(ResultSetReturnImpl.java:181) ~[hibernate-core-7.2.7.Final.jar:7.2.7.Final]
	... 106 common frames omitted

2026-03-29T23:01:02.494-07:00  WARN 24760 --- [customerprofile-api] [http-nio-8085-exec-5] .m.m.a.ExceptionHandlerExceptionResolver : Resolved [com.customerprofile.exception.CustomerProfileNotFoundException: Error creating customer profile: could not execute statement [ERROR: new row for relation "customerprofile" violates check constraint "customerprofile_account_status_check"<EOL>  Detail: Failing row contains (9, string, string, string, string, string, string, string, string, string, string, 2026-03-30, string, t, string, 2026-03-29 23:01:02.415941-07, 2026-03-29 23:01:02.415941-07).] [insert into customerprofile (account_status,address_line1,address_line2,city,country,created_at,date_of_birth,email,first_name,gender,is_active,last_name,phone,postal_code,state,updated_at) values (?,?,?,?,?,?,?,?,?,?,?,?,?,?,?,?)]; SQL [insert into customerprofile (account_status,address_line1,address_line2,city,country,created_at,date_of_birth,email,first_name,gender,is_active,last_name,phone,postal_code,state,updated_at) values (?,?,?,?,?,?,?,?,?,?,?,?,?,?,?,?)]; constraint [customerprofile_account_status_check]]
2026-03-29T23:01:11.023-07:00 DEBUG 24760 --- [customerprofile-api] [http-nio-8085-exec-6] org.hibernate.SQL                        : select cp1_0.customer_id,cp1_0.account_status,cp1_0.address_line1,cp1_0.address_line2,cp1_0.city,cp1_0.country,cp1_0.created_at,cp1_0.date_of_birth,cp1_0.email,cp1_0.first_name,cp1_0.gender,cp1_0.is_active,cp1_0.last_name,cp1_0.phone,cp1_0.postal_code,cp1_0.state,cp1_0.updated_at from customerprofile cp1_0
2026-03-29T23:14:44.664-07:00  INFO 1848 --- [customerprofile-api] [restartedMain] c.c.CustomerprofileApiApplication        : Starting CustomerprofileApiApplication using Java 21.0.2 with PID 1848 (C:\Users\vinum\Documents\GitProjects\customerprofile-api\build\classes\java\main started by vinum in C:\Users\vinum\Documents\GitProjects\customerprofile-api)
2026-03-29T23:14:44.670-07:00 DEBUG 1848 --- [customerprofile-api] [restartedMain] c.c.CustomerprofileApiApplication        : Running with Spring Boot v4.0.5, Spring v7.0.6
2026-03-29T23:14:44.673-07:00  INFO 1848 --- [customerprofile-api] [restartedMain] c.c.CustomerprofileApiApplication        : The following 1 profile is active: "sit"
2026-03-29T23:14:44.853-07:00  INFO 1848 --- [customerprofile-api] [restartedMain] o.s.c.c.c.ConfigServerConfigDataLoader   : Fetching config from server at : http://localhost:9090
2026-03-29T23:14:44.855-07:00  INFO 1848 --- [customerprofile-api] [restartedMain] o.s.c.c.c.ConfigServerConfigDataLoader   : Located environment: name=customerprofile-api, profiles=[default], label=null, version=5fcece3ead4d5dc93b9d3488e9fbbd3252f4b10d, state=
2026-03-29T23:14:44.860-07:00  INFO 1848 --- [customerprofile-api] [restartedMain] o.s.c.c.c.ConfigServerConfigDataLoader   : Fetching config from server at : http://localhost:9090
2026-03-29T23:14:44.863-07:00  INFO 1848 --- [customerprofile-api] [restartedMain] o.s.c.c.c.ConfigServerConfigDataLoader   : Located environment: name=customerprofile-api, profiles=[sit], label=null, version=5fcece3ead4d5dc93b9d3488e9fbbd3252f4b10d, state=
2026-03-29T23:14:44.868-07:00  INFO 1848 --- [customerprofile-api] [restartedMain] .e.DevToolsPropertyDefaultsPostProcessor : Devtools property defaults active! Set 'spring.devtools.add-properties' to 'false' to disable
2026-03-29T23:14:44.869-07:00  INFO 1848 --- [customerprofile-api] [restartedMain] .e.DevToolsPropertyDefaultsPostProcessor : For additional web related logging consider setting the 'logging.level.web' property to 'DEBUG'
2026-03-29T23:14:46.820-07:00  INFO 1848 --- [customerprofile-api] [restartedMain] .s.d.r.c.RepositoryConfigurationDelegate : Bootstrapping Spring Data JPA repositories in DEFAULT mode.
2026-03-29T23:14:46.924-07:00  INFO 1848 --- [customerprofile-api] [restartedMain] .s.d.r.c.RepositoryConfigurationDelegate : Finished Spring Data repository scanning in 84 ms. Found 1 JPA repository interface.
2026-03-29T23:14:47.378-07:00  INFO 1848 --- [customerprofile-api] [restartedMain] o.s.cloud.context.scope.GenericScope     : BeanFactory id=1f25b4ae-fa0e-376d-a496-7a91d84d4dfe
2026-03-29T23:14:48.440-07:00  INFO 1848 --- [customerprofile-api] [restartedMain] o.s.boot.tomcat.TomcatWebServer          : Tomcat initialized with port 8085 (http)
2026-03-29T23:14:48.511-07:00  INFO 1848 --- [customerprofile-api] [restartedMain] o.apache.catalina.core.StandardService   : Starting service [Tomcat]
2026-03-29T23:14:48.536-07:00  INFO 1848 --- [customerprofile-api] [restartedMain] o.apache.catalina.core.StandardEngine    : Starting Servlet engine: [Apache Tomcat/11.0.20]
2026-03-29T23:14:48.752-07:00  INFO 1848 --- [customerprofile-api] [restartedMain] b.w.c.s.WebApplicationContextInitializer : Root WebApplicationContext: initialization completed in 3881 ms
2026-03-29T23:14:49.201-07:00  INFO 1848 --- [customerprofile-api] [restartedMain] com.zaxxer.hikari.HikariDataSource       : HikariPool-1 - Starting...
2026-03-29T23:14:49.557-07:00  INFO 1848 --- [customerprofile-api] [restartedMain] com.zaxxer.hikari.pool.HikariPool        : HikariPool-1 - Added connection org.postgresql.jdbc.PgConnection@1fae07f8
2026-03-29T23:14:49.560-07:00  INFO 1848 --- [customerprofile-api] [restartedMain] com.zaxxer.hikari.HikariDataSource       : HikariPool-1 - Start completed.
2026-03-29T23:14:49.634-07:00  INFO 1848 --- [customerprofile-api] [restartedMain] org.hibernate.orm.jpa                    : HHH008540: Processing PersistenceUnitInfo [name: default]
2026-03-29T23:14:49.773-07:00  INFO 1848 --- [customerprofile-api] [restartedMain] org.hibernate.orm.core                   : HHH000001: Hibernate ORM core version 7.2.7.Final
2026-03-29T23:14:50.634-07:00  INFO 1848 --- [customerprofile-api] [restartedMain] o.s.o.j.p.SpringPersistenceUnitInfo      : No LoadTimeWeaver setup: ignoring JPA class transformer
2026-03-29T23:14:50.774-07:00  INFO 1848 --- [customerprofile-api] [restartedMain] org.hibernate.orm.connections.pooling    : HHH10001005: Database info:
	Database JDBC URL [jdbc:postgresql://localhost:5432/postgres]
	Database driver: PostgreSQL JDBC Driver
	Database dialect: PostgreSQLDialect
	Database version: 18.1
	Default catalog/schema: postgres/public
	Autocommit mode: undefined/unknown
	Isolation level: READ_COMMITTED [default READ_COMMITTED]
	JDBC fetch size: none
	Pool: DataSourceConnectionProvider
	Minimum pool size: undefined/unknown
	Maximum pool size: undefined/unknown
2026-03-29T23:14:51.911-07:00  INFO 1848 --- [customerprofile-api] [restartedMain] org.hibernate.orm.core                   : HHH000489: No JTA platform available (set 'hibernate.transaction.jta.platform' to enable JTA platform integration)
2026-03-29T23:14:51.926-07:00  INFO 1848 --- [customerprofile-api] [restartedMain] j.LocalContainerEntityManagerFactoryBean : Initialized JPA EntityManagerFactory for persistence unit 'default'
2026-03-29T23:14:52.062-07:00  INFO 1848 --- [customerprofile-api] [restartedMain] o.s.d.j.r.query.QueryEnhancerFactories   : Hibernate is in classpath; If applicable, HQL parser will be used.
2026-03-29T23:14:53.804-07:00  WARN 1848 --- [customerprofile-api] [restartedMain] JpaBaseConfiguration$JpaWebConfiguration : spring.jpa.open-in-view is enabled by default. Therefore, database queries may be performed during view rendering. Explicitly configure spring.jpa.open-in-view to disable this warning
2026-03-29T23:14:55.040-07:00  INFO 1848 --- [customerprofile-api] [restartedMain] o.s.b.a.e.web.EndpointLinksResolver      : Exposing 16 endpoints beneath base path '/actuator'
2026-03-29T23:14:55.202-07:00  INFO 1848 --- [customerprofile-api] [restartedMain] o.s.boot.tomcat.TomcatWebServer          : Tomcat started on port 8085 (http) with context path '/'
2026-03-29T23:14:55.235-07:00  INFO 1848 --- [customerprofile-api] [restartedMain] c.c.CustomerprofileApiApplication        : Started CustomerprofileApiApplication in 14.413 seconds (process running for 15.822)
2026-03-29T23:14:55.382-07:00  WARN 1848 --- [customerprofile-api] [restartedMain] o.s.core.events.SpringDocAppInitializer  : SpringDoc /v3/api-docs endpoint is enabled by default. To disable it in production, set the property 'springdoc.api-docs.enabled=false'
2026-03-29T23:14:55.382-07:00  WARN 1848 --- [customerprofile-api] [restartedMain] o.s.core.events.SpringDocAppInitializer  : SpringDoc /swagger-ui.html endpoint is enabled by default. To disable it in production, set the property 'springdoc.swagger-ui.enabled=false'
2026-03-29T23:15:02.668-07:00  INFO 1848 --- [customerprofile-api] [http-nio-8085-exec-1] o.a.c.c.C.[Tomcat].[localhost].[/]       : Initializing Spring DispatcherServlet 'dispatcherServlet'
2026-03-29T23:15:02.668-07:00  INFO 1848 --- [customerprofile-api] [http-nio-8085-exec-1] o.s.web.servlet.DispatcherServlet        : Initializing Servlet 'dispatcherServlet'
2026-03-29T23:15:02.672-07:00  INFO 1848 --- [customerprofile-api] [http-nio-8085-exec-1] o.s.web.servlet.DispatcherServlet        : Completed initialization in 4 ms
2026-03-29T23:15:03.347-07:00  INFO 1848 --- [customerprofile-api] [http-nio-8085-exec-4] o.springdoc.api.AbstractOpenApiResource  : Init duration for springdoc-openapi is: 408 ms
2026-03-29T23:15:11.977-07:00 DEBUG 1848 --- [customerprofile-api] [http-nio-8085-exec-5] org.hibernate.SQL                        : select cp1_0.customer_id,cp1_0.account_status,cp1_0.address_line1,cp1_0.address_line2,cp1_0.city,cp1_0.country,cp1_0.created_at,cp1_0.date_of_birth,cp1_0.email,cp1_0.first_name,cp1_0.gender,cp1_0.is_active,cp1_0.last_name,cp1_0.phone,cp1_0.postal_code,cp1_0.state,cp1_0.updated_at from customerprofile cp1_0 where cp1_0.email=?
2026-03-29T23:15:12.053-07:00  WARN 1848 --- [customerprofile-api] [http-nio-8085-exec-5] .m.m.a.ExceptionHandlerExceptionResolver : Resolved [com.customerprofile.exception.CustomerProfileNotFoundException: accountStatus must be 'active', 'suspended', or 'inactive']
2026-03-29T23:15:38.752-07:00 DEBUG 1848 --- [customerprofile-api] [http-nio-8085-exec-6] org.hibernate.SQL                        : select cp1_0.customer_id,cp1_0.account_status,cp1_0.address_line1,cp1_0.address_line2,cp1_0.city,cp1_0.country,cp1_0.created_at,cp1_0.date_of_birth,cp1_0.email,cp1_0.first_name,cp1_0.gender,cp1_0.is_active,cp1_0.last_name,cp1_0.phone,cp1_0.postal_code,cp1_0.state,cp1_0.updated_at from customerprofile cp1_0 where cp1_0.email=?
2026-03-29T23:15:38.799-07:00 DEBUG 1848 --- [customerprofile-api] [http-nio-8085-exec-6] org.hibernate.SQL                        : insert into customerprofile (account_status,address_line1,address_line2,city,country,created_at,date_of_birth,email,first_name,gender,is_active,last_name,phone,postal_code,state,updated_at) values (?,?,?,?,?,?,?,?,?,?,?,?,?,?,?,?)
